ticker,count,stock
ANET,7,NYSE
NVDA,5,NASDAQ
PFE,5,NYSE
AMGN,4,NASDAQ
AMT,4,NYSE
LUMN,4,NASDAQ
ON,4,NASDAQ
ZM,4,NASDAQ
AFRM,4,NASDAQ
WDC,4,NASDAQ
OKTA,3,NASDAQ
COIN,3,NASDAQ
ZS,3,NASDAQ
REGN,3,NASDAQ
EDIT,3,NASDAQ
MRK,3,NYSE
ILMN,3,NASDAQ
GILD,3,NASDAQ
WBD,3,NASDAQ
PYPL,3,NASDAQ
CSCO,3,NASDAQ
ETSY,3,NASDAQ
ADBE,3,NASDAQ
MA,3,NYSE
INTC,3,NASDAQ
MRNA,3,NASDAQ
MSFT,3,NASDAQ
ADSK,3,NASDAQ
FSLY,3,NASDAQ
MDB,3,NASDAQ
FVRR,3,NASDAQ
DDOG,3,NASDAQ
TD,3,NYSE
JNJ,3,NYSE
RY,3,NYSE
INTU,3,NASDAQ
MDT,3,NYSE
VZ,3,NYSE
AYX,3,NASDAQ
MRVL,3,NASDAQ
NXPI,3,NASDAQ
HD,2,NYSE
BNGO,2,NASDAQ
BNED,2,NASDAQ
PTON,2,NASDAQ
CTVA,2,NASDAQ
VTR,2,NYSE
TXN,2,NASDAQ
IBM,2,NYSE
SPG,2,NYSE
CSX,2,NYSE
F,2,NYSE
LRCX,2,NASDAQ
AMAT,2,NASDAQ
INO,2,NASDAQ
WMT,2,NYSE
WRK,2,NASDAQ
CVX,2,NYSE
SQ,2,NASDAQ
EBAY,2,NASDAQ
IDEX,2,NASDAQ
GATO,2,NASDAQ
LYSCF,2,OTC
TWLO,2,NASDAQ
GM,2,NYSE
SHOP,2,NASDAQ
AFL,2,NYSE
PARA,2,NASDAQ
SYK,2,NYSE
BB,2,NASDAQ
CLX,2,NYSE
CHPT,2,NASDAQ
AVGO,2,NASDAQ
OPEN,2,NASDAQ
SBAC,2,NASDAQ
KHC,2,NASDAQ
QRVO,2,NASDAQ
WMB,2,NYSE
PANW,2,NYSE
BKNG,2,NASDAQ
TEVA,2,NYSE
SOFI,2,NASDAQ
LLY,2,NYSE
AIG,2,NYSE
MU,2,NASDAQ
EA,2,NASDAQ
PG,2,NYSE
BNS,2,NYSE
CVS,2,NYSE
PRU,2,NYSE
CHK,2,NYSE
LOW,2,NYSE
CMCSA,2,NASDAQ
NKLA,2,NASDAQ
CAH,2,NYSE
GSK,2,NYSE
TPR,2,NASDAQ
T,2,NYSE
SIRI,2,NASDAQ
CCI,2,NYSE
PBTHF,2,OTC
NICMF,2,OTC
POL,2,NYSE
EOG,2,NYSE
LAZR,2,NASDAQ
KO,2,NYSE
QCOM,2,NASDAQ
WAT,2,NYSE
JYNT,2,NASDAQ
ADI,2,NASDAQ
ADM,2,NYSE
GOLD,2,NASDAQ
AMD,2,NASDAQ
CRWD,2,NASDAQ
IPGDF,2,OTC
NFLX,2,NASDAQ
FTNT,2,NASDAQ
FRT,2,NYSE
TMUS,2,NYSE
WDAY,2,NYSE
EMR,2,NYSE
VRTX,2,NASDAQ
TMO,2,NYSE
NINE,1,NASDAQ
PR,1,NASDAQ
TNC,1,NYSE
WFSTF,1,OTC
BDIMF,1,OTC
RBC,1,NYSE
POWI,1,NASDAQ
WERN,1,NASDAQ
SNEX,1,NASDAQ
TVTX,1,NASDAQ
FET,1,NYSE
DRS,1,NASDAQ
INVE,1,NASDAQ
RLJ,1,NYSE
VCTR,1,NASDAQ
ROG,1,NYSE
AMRX,1,NASDAQ
MCW,1,NASDAQ
GTES,1,NASDAQ
CLLS,1,NASDAQ
PBPB,1,NASDAQ
CIG,1,NYSE
SBKJY,1,OTC
GIL,1,NYSE
RGA,1,NYSE
SUM,1,NASDAQ
LYB,1,NYSE
OCANF,1,OTC
TPC,1,NYSE
RMAX,1,NYSE
HLNE,1,NASDAQ
GHI,1,NYSE
LASR,1,NASDAQ
LNT,1,NYSE
WOLTF,1,OTC
CRZBF,1,OTC
GMPXF,1,OTC
HAYW,1,NASDAQ
ITT,1,NYSE
BSAC,1,NYSE
PACK,1,NASDAQ
NGVC,1,NYSE
MRAI,1,NASDAQ
CNK,1,NYSE
FWONA,1,NASDAQ
VNNVF,1,OTC
SSREF,1,OTC
CVCO,1,NASDAQ
COLL,1,NASDAQ
ATEX,1,NASDAQ
TMVWF,1,OTC
CPT,1,NYSE
GEN,1,NASDAQ
IAS,1,NASDAQ
DLA,1,NYSE
RPT,1,NYSE
NSIT,1,NASDAQ
PNM,1,NYSE
VVI,1,NYSE
GHLD,1,NASDAQ
AMKBY,1,OTC
ALTR,1,NASDAQ
TIXT,1,NASDAQ
TU,1,NYSE
BCH,1,NYSE
ESNT,1,NYSE
REG,1,NYSE
SD,1,NYSE
RAND,1,NASDAQ
AGL,1,NASDAQ
AIP,1,NASDAQ
ACMR,1,NASDAQ
BBD,1,NYSE
LUPNY,1,
PLYA,1,NASDAQ
STEP,1,NASDAQ
USEA,1,NASDAQ
CPSS,1,NASDAQ
GLPG,1,NASDAQ
KAR,1,NYSE
UPLD,1,NASDAQ
TWST,1,NASDAQ
UDMY,1,NASDAQ
GTN,1,NYSE
PWP,1,NASDAQ
CUBE,1,NYSE
EXR,1,NYSE
FSNUF,1,OTC
RCAT,1,NASDAQ
IBP,1,NYSE
CMCO,1,NASDAQ
PTLO,1,NASDAQ
ATRWF,1,OTC
BOSSY,1,OTC
SGU,1,NYSE
IAUX,1,NASDAQ
PGTI,1,NASDAQ
WMS,1,NYSE
DSKE,1,NASDAQ
WEAV,1,NASDAQ
DCO,1,NYSE
PLMR,1,NASDAQ
AMK,1,NASDAQ
DGII,1,NASDAQ
KW,1,NYSE
NRC,1,NASDAQ
WLDN,1,NASDAQ
OTCM,1,OTC
CW,1,NYSE
CTOWY,1,OTC
CMTG,1,NASDAQ
RSVR,1,NASDAQ
KLBAY,1,OTC
TWODF,1,OTC
ELME,1,NASDAQ
VTS,1,NASDAQ
SNVVF,1,OTC
MGPI,1,NASDAQ
TTDKY,1,OTC
THG,1,NYSE
WSC,1,NASDAQ
ITOCF,1,OTC
AJX,1,NASDAQ
AHEXF,1,OTC
SWZCF,1,OTC
BDRFF,1,OTC
DRTT,1,NASDAQ
TIIAY,1,OTC
REFR,1,NASDAQ
MCHX,1,NASDAQ
RTLLF,1,OTC
LOCO,1,NASDAQ
ENOV,1,NASDAQ
MMS,1,NYSE
MYPS,1,NASDAQ
INSM,1,NASDAQ
THRY,1,NASDAQ
AKR,1,NYSE
CMPS,1,NASDAQ
VGZ,1,NYSE
FOXF,1,NASDAQ
CCLD,1,NASDAQ
RBA,1,NYSE
DNB,1,NYSE
SNDX,1,NASDAQ
NC,1,NYSE
SVYSF,1,OTC
AGS,1,NASDAQ
TPB,1,NASDAQ
MLXSF,1,OTC
EXCOF,1,OTC
FNLIF,1,OTC
HLTOY,1,OTC
SUZ,1,NASDAQ
GOLF,1,NASDAQ
ARIS,1,NASDAQ
PRDO,1,NASDAQ
TAC,1,NYSE
FSP,1,NYSE
ISPC,1,NASDAQ
LQDT,1,NASDAQ
MEC,1,NASDAQ
CRARF,1,OTC
CNO,1,NYSE
CREX,1,NASDAQ
ALNT,1,
VITL,1,NASDAQ
PBH,1,NYSE
SLTTF,1,OTC
VRNA,1,NASDAQ
IIPZF,1,OTC
UE,1,NASDAQ
SPNT,1,NASDAQ
FRTAF,1,OTC
AORT,1,NASDAQ
SEVN,1,NASDAQ
MKGAF,1,OTC
UPBD,1,NASDAQ
APG,1,NASDAQ
ACEL,1,NASDAQ
NGVT,1,NASDAQ
LAUR,1,NASDAQ
ACIW,1,NASDAQ
FULC,1,NASDAQ
OCINF,1,
CPSH,1,NASDAQ
KRTX,1,NASDAQ
ING,1,NYSE
ALCO,1,NASDAQ
NWPX,1,NASDAQ
HMN,1,NYSE
BLD,1,NASDAQ
DUFRY,1,OTC
OSW,1,NASDAQ
PATI,1,NASDAQ
CMRX,1,NASDAQ
RHP,1,NYSE
BALY,1,NASDAQ
VIA,1,NASDAQ
LNXSF,1,OTC
MUSA,1,NYSE
MLFNF,1,OTC
NANX,1,OTC
THR,1,NYSE
CURO,1,NASDAQ
BBGI,1,NASDAQ
CIOXY,1,OTC
NVMI,1,NASDAQ
FAT,1,NASDAQ
DLX,1,NYSE
TIPT,1,NASDAQ
SIGI,1,NASDAQ
GLT,1,NYSE
ECVT,1,NASDAQ
CSV,1,NYSE
MIRM,1,NASDAQ
CADNF,1,OTC
LCUT,1,NASDAQ
IFCZF,1,OTC
AVDX,1,NASDAQ
SNDR,1,NASDAQ
CVGI,1,NASDAQ
GPRE,1,NASDAQ
MODV,1,NASDAQ
PPL,1,NYSE
IRTC,1,NASDAQ
AESI,1,NASDAQ
TMDX,1,NASDAQ
WK,1,NYSE
AAOI,1,NASDAQ
PGNY,1,NASDAQ
TXG,1,NASDAQ
COLD,1,NASDAQ
GDOT,1,NYSE
OUT,1,NYSE
BWXT,1,NASDAQ
TNDM,1,NASDAQ
AMN,1,NASDAQ
TPIC,1,NASDAQ
KTOS,1,NASDAQ
GMED,1,NYSE
NTRA,1,NASDAQ
DOCN,1,NASDAQ
BE,1,NASDAQ
ABEV,1,NYSE
DLB,1,NYSE
MP,1,NASDAQ
LXRX,1,NASDAQ
MRIN,1,NYSE
AXTI,1,NASDAQ
WLK,1,NYSE
BGS,1,NYSE
VIR,1,NASDAQ
PBYI,1,NYSE
DMTK,1,NASDAQ
DVA,1,NYSE
DTC,1,NASDAQ
SPT,1,NASDAQ
DLAKF,1,OTC
MNTX,1,NASDAQ
SNN,1,NYSE
KDSKF,1,OTC
BDRBF,1,OTC
RYCEY,1,OTC
MIDD,1,NASDAQ
OPK,1,NYSE
PTCT,1,NASDAQ
GH,1,NASDAQ
WW,1,NASDAQ
EXPI,1,NASDAQ
OTEX,1,NASDAQ
BIO,1,NYSE
CHMI,1,NYSE
CYTK,1,NASDAQ
RYN,1,NYSE
NSTG,1,NASDAQ
PCTY,1,NASDAQ
OSUR,1,NASDAQ
MSI,1,NYSE
ABCL,1,NASDAQ
TRUP,1,NYSE
AAPL,1,NASDAQ
SID,1,NYSE
MERC,1,NASDAQ
MYGN,1,NASDAQ
AMTX,1,NASDAQ
RARE,1,NASDAQ
TEAM,1,NASDAQ
CLFD,1,NASDAQ
ESTE,1,NYSE
MCHP,1,NASDAQ
ASRT,1,NASDAQ
STEM,1,NASDAQ
BIGC,1,NASDAQ
LTHM,1,NASDAQ
CRSR,1,NASDAQ
DM,1,NYSE
WISH,1,NASDAQ
AEIS,1,NASDAQ
HTGC,1,NYSE
PAX,1,NASDAQ
VXRT,1,NASDAQ
H,1,NYSE
DVAX,1,NASDAQ
RDFN,1,NASDAQ
GPRO,1,NASDAQ
OLED,1,NASDAQ
ARW,1,NYSE
HASI,1,NYSE
NMFC,1,NYSE
O,1,NYSE
IFNNY,1,OTC
ABNB,1,NASDAQ
DBX,1,NASDAQ
CRUS,1,NASDAQ
FND,1,NASDAQ
HEP,1,NYSE
GEL,1,NYSE
CRIS,1,NASDAQ
GDDY,1,NASDAQ
HGV,1,NASDAQ
FNKO,1,NASDAQ
MNST,1,NASDAQ
GERN,1,NASDAQ
SYNA,1,NASDAQ
RMD,1,NYSE
TGTX,1,NASDAQ
NET,1,NASDAQ
EB,1,NASDAQ
CLPR,1,NASDAQ
REZI,1,NASDAQ
APPN,1,NASDAQ
ACLS,1,NASDAQ
QLYS,1,NASDAQ
MNMD,1,NASDAQ
RKT,1,NYSE
AL,1,NYSE
AMZN,1,NASDAQ
EURN,1,NASDAQ
YELP,1,NYSE
IMOS,1,NASDAQ
BGC,1,NYSE
SPMYY,1,OTC
AMR,1,NASDAQ
IAFNF,1,OTC
REI,1,NYSE
DXYN,1,NASDAQ
PBA,1,NYSE
TDS,1,NYSE
PAZRF,1,OTC
GNK,1,NASDAQ
RPID,1,NASDAQ
INTT,1,NYSE
BEPC,1,NASDAQ
AXL,1,NYSE
ESVIF,1,OTC
ZD,1,NASDAQ
WHG,1,NYSE
ENB,1,NYSE
FSR,1,NASDAQ
AES,1,NYSE
DBRG,1,NASDAQ
LBRDK,1,NASDAQ
SWN,1,NYSE
TSE,1,NYSE
TTBXF,1,OTC
SEMR,1,NASDAQ
VGR,1,NYSE
SSP,1,NYSE
ATSG,1,NASDAQ
MWA,1,NYSE
CRBG,1,NASDAQ
CPS,1,NYSE
IFSPF,1,OTC
SHO,1,NYSE
ALG,1,NYSE
ERO,1,NYSE
EGKLF,1,OTC
PKIUF,1,OTC
CPK,1,NYSE
EAF,1,NASDAQ
FDUS,1,NASDAQ
CRD.A,1,NYSE
TILE,1,NASDAQ
CWXZF,1,OTC
BBU,1,NASDAQ
SXYAY,1,OTC
ACTG,1,NASDAQ
CTRE,1,NASDAQ
CDPYF,1,OTC
MMI,1,NYSE
MTZ,1,NYSE
XPO,1,NYSE
TTEC,1,NASDAQ
PBR,1,NYSE
MAIN,1,NYSE
PRLB,1,NYSE
BPZZF,1,OTC
ZEUS,1,NASDAQ
CLMT,1,NASDAQ
EVRG,1,NASDAQ
SNCY,1,NASDAQ
JOUT,1,NASDAQ
HKMPF,1,OTC
HTWSF,1,OTC
SEM,1,NYSE
SKT,1,NYSE
FRFHF,1,OTC
PTVE,1,NASDAQ
AMIVF,1,OTC
APLE,1,NASDAQ
CCORF,1,OTC
LEU,1,NYSE
MONDF,1,OTC
FYBR,1,NASDAQ
MGA,1,NYSE
ORLA,1,NASDAQ
INFA,1,NASDAQ
WPP,1,NYSE
FUBO,1,NASDAQ
ADV,1,NASDAQ
IVR,1,NYSE
FLGT,1,NASDAQ
BEP,1,NYSE
OMI,1,NYSE
CWAN,1,NASDAQ
ALEC,1,NASDAQ
INFU,1,NYSE
QRTEA,1,NASDAQ
AMCX,1,NASDAQ
PAA,1,NYSE
OFS,1,NASDAQ
SAND,1,NYSE
EGLE,1,NASDAQ
CBOE,1,NASDAQ
SXI,1,NYSE
TORXF,1,OTC
ACA,1,NASDAQ
BADFF,1,OTC
TMST,1,NYSE
NNBR,1,NASDAQ
CHRRF,1,OTC
POST,1,NYSE
NRP,1,NYSE
HAYN,1,NASDAQ
SBLK,1,NASDAQ
FLR,1,NYSE
III,1,NASDAQ
ALARF,1,
IEP,1,NASDAQ
GLP,1,NYSE
DKNG,1,NASDAQ
ASIX,1,NASDAQ
KOP,1,NYSE
GSBD,1,NASDAQ
D,1,NYSE
TSLX,1,NYSE
SRI,1,NYSE
GLRE,1,NASDAQ
IMUX,1,NASDAQ
QTRX,1,NASDAQ
DO,1,NYSE
NRGV,1,NASDAQ
AHCO,1,NASDAQ
KNTK,1,NASDAQ
ALE,1,NYSE
HLIO,1,NASDAQ
TDW,1,NYSE
CTRA,1,NASDAQ
ARMK,1,NYSE
PAYO,1,NASDAQ
CXW,1,NYSE
CNSL,1,NASDAQ
IHRT,1,NASDAQ
IX,1,NYSE
BRPHF,1,OTC
MTW,1,NYSE
PTRRY,1,OTC
CAPL,1,NYSE
HBIO,1,NASDAQ
TGLS,1,NASDAQ
KD,1,NASDAQ
SQSP,1,NASDAQ
ML,1,NASDAQ
RPRX,1,NASDAQ
NVAX,1,NASDAQ
PRGO,1,NYSE
PRIM,1,NASDAQ
NFE,1,NASDAQ
JELD,1,NASDAQ
CE,1,NYSE
IFF,1,NYSE
BRT,1,NYSE
TECH,1,NASDAQ
BRBR,1,NASDAQ
ADCT,1,NASDAQ
NEO,1,NASDAQ
STRL,1,NASDAQ
HR,1,NYSE
BITF,1,NASDAQ
TDG,1,NYSE
FOLD,1,NASDAQ
SVC,1,NASDAQ
NXST,1,NASDAQ
CSWC,1,NASDAQ
ASML,1,NASDAQ
PRI,1,NYSE
MPW,1,NYSE
ZLAB,1,NASDAQ
PARR,1,NYSE
OKE,1,NYSE
HYZN,1,NASDAQ
BKD,1,NYSE
QMCO,1,NASDAQ
CEIX,1,NASDAQ
MCRB,1,NASDAQ
LCII,1,NASDAQ
LAND,1,NASDAQ
UPS,1,NYSE
OGN,1,NASDAQ
AFCG,1,NASDAQ
SEAS,1,NYSE
FSK,1,NASDAQ
WOW,1,NASDAQ
XERS,1,NASDAQ
FOX,1,NASDAQ
SQNS,1,NYSE
HAE,1,NYSE
BLUE,1,NASDAQ
PLTK,1,NASDAQ
CLBT,1,NASDAQ
GFS,1,NASDAQ
IRWD,1,NASDAQ
NSPR,1,NYSE
SYRS,1,NASDAQ
HIPO,1,NASDAQ
NRG,1,NYSE
KNDI,1,NASDAQ
NUWE,1,NASDAQ
GLBE,1,NASDAQ
ACM,1,NYSE
AQST,1,NASDAQ
NYT,1,NYSE
PMTS,1,NASDAQ
CWEN,1,NASDAQ
EHTH,1,NASDAQ
RC,1,NASDAQ
BAYZF,1,OTC
CIFR,1,NASDAQ
BR,1,NYSE
DEA,1,NASDAQ
WHF,1,NASDAQ
DUK,1,NYSE
INGR,1,NYSE
EVBG,1,NASDAQ
STIM,1,NASDAQ
WKHS,1,NASDAQ
ADT,1,NYSE
NPO,1,NYSE
LI,1,NASDAQ
EGRX,1,NASDAQ
CRMD,1,NYSE
UAA,1,NASDAQ
AMBC,1,NASDAQ
CRON,1,NASDAQ
CBT,1,NYSE
VRNOF,1,OTC
QSR,1,NYSE
BSY,1,NASDAQ
SRC,1,NYSE
ZTS,1,NYSE
STGW,1,NASDAQ
CRNC,1,NASDAQ
ATKR,1,NASDAQ
RAIL,1,NASDAQ
HPK,1,NASDAQ
EFC,1,NYSE
ICHR,1,NASDAQ
RDNT,1,NASDAQ
HCI,1,NYSE
TDUP,1,NASDAQ
RLMD,1,NASDAQ
CASA,1,NASDAQ
KIND,1,NASDAQ
ITI,1,NYSE
AZTA,1,NASDAQ
HALO,1,NASDAQ
PWFL,1,NASDAQ
CRCT,1,NASDAQ
AKAM,1,NASDAQ
BLZE,1,NASDAQ
CLOV,1,NASDAQ
TOST,1,NASDAQ
NOVT,1,NASDAQ
SGMO,1,NASDAQ
BLFS,1,NASDAQ
EGHT,1,NASDAQ
BARK,1,NASDAQ
BROS,1,NASDAQ
RIVN,1,NASDAQ
CPNG,1,NASDAQ
CLPT,1,NASDAQ
ATER,1,NASDAQ
OFIX,1,NASDAQ
SCOR,1,NASDAQ
QDEL,1,NASDAQ
CCSI,1,NASDAQ
GO,1,NASDAQ
SES,1,NASDAQ
ACOR,1,NASDAQ
CELH,1,NASDAQ
SEER,1,NASDAQ
TTGT,1,NASDAQ
SSTI,1,NASDAQ
AMC,1,NYSE
LAB,1,NASDAQ
ANIK,1,NASDAQ
AMPL,1,NASDAQ
LDI,1,NASDAQ
AXON,1,NASDAQ
LPRO,1,NASDAQ
RPD,1,NASDAQ
HNST,1,NASDAQ
VCYT,1,NASDAQ
ARQT,1,NASDAQ
AVIR,1,NASDAQ
BOOM,1,NASDAQ
HCKT,1,NASDAQ
SCPL,1,NASDAQ
VUZI,1,NASDAQ
MASI,1,NASDAQ
CRVS,1,NASDAQ
MQ,1,NASDAQ
MRTX,1,NASDAQ
CHH,1,NYSE
PHIN,1,NASDAQ
WMG,1,NASDAQ
MAC,1,NYSE
GRWG,1,NASDAQ
ITUB,1,NYSE
WTRG,1,NASDAQ
SBRA,1,NASDAQ
IHG,1,NYSE
MRC,1,NYSE
HNRG,1,NASDAQ
CNTY,1,NASDAQ
NSA,1,NASDAQ
SFTBY,1,OTC
EXK,1,NYSE
J,1,NASDAQ
WHD,1,NASDAQ
GILT,1,NASDAQ
AWR,1,NYSE
HNI,1,NYSE
ADTN,1,NASDAQ
SEE,1,NYSE
ENR,1,NYSE
NETI,1,NASDAQ
GLCNF,1,OTC
OLPX,1,NASDAQ
TPG,1,NASDAQ
SATS,1,NASDAQ
APPS,1,NASDAQ
DUOL,1,NASDAQ
BW,1,NASDAQ
VVX,1,NASDAQ
KODK,1,NYSE
AMPH,1,NASDAQ
VERI,1,NASDAQ
BODY,1,NASDAQ
UPST,1,NASDAQ
BLNK,1,NASDAQ
SIGA,1,NASDAQ
PUBM,1,NASDAQ
MODN,1,NYSE
LYFT,1,NASDAQ
NVTA,1,NASDAQ
TWOU,1,NASDAQ
MARA,1,NASDAQ
ME,1,NASDAQ
MTTR,1,NASDAQ
EVEX,1,NASDAQ
EDRY,1,NASDAQ
TWNK,1,NASDAQ
MVIS,1,NASDAQ
TTWO,1,NASDAQ
GBDC,1,NASDAQ
GTBIF,1,OTC
SNCR,1,NASDAQ
JAMF,1,NASDAQ
RDW,1,NASDAQ
AVXL,1,NASDAQ
MRVI,1,NASDAQ
ASPN,1,NYSE
HI,1,NYSE
WTS,1,NYSE
LNZNF,1,OTC
BNL,1,NASDAQ
ARSUF,1,
SGBAF,1,OTC
FCXXF,1,OTC
SOBKY,1,OTC
KURA,1,NASDAQ
BECN,1,NASDAQ
PRM,1,NASDAQ
ITRI,1,NASDAQ
KAMN,1,NYSE
AETUF,1,OTC
BPOSF,1,OTC
STKS,1,NASDAQ
NJR,1,NYSE
GDYN,1,NASDAQ
HBB,1,NASDAQ
BSIG,1,NASDAQ
MBI,1,NYSE
AKSJF,1,
SRDX,1,NASDAQ
PESI,1,NASDAQ
ONEW,1,NASDAQ
IGIFF,1,OTC
CTIB,1,NASDAQ
BTG,1,NYSE
ALKT,1,NASDAQ
EEX,1,NASDAQ
INN,1,NYSE
SGLFF,1,OTC
BV,1,NASDAQ
ARESF,1,OTC
KLTR,1,NASDAQ
SNCAF,1,OTC
DSGR,1,NASDAQ
EZPW,1,NASDAQ
PRVA,1,NASDAQ
VC,1,NYSE
SHC,1,NASDAQ
CLVT,1,NASDAQ
ESMT,1,NASDAQ
NVRI,1,NASDAQ
SFFLY,1,
AINC,1,NYSE
PHI,1,NYSE
CEG,1,NASDAQ
SMFTF,1,OTC
ICD,1,NYSE
MSBHF,1,OTC
YAHOF,1,OTC
LDNXF,1,OTC
ARREF,1,OTC
MYE,1,NYSE
FENC,1,NASDAQ
DLHC,1,NASDAQ
UEIC,1,NASDAQ
WVE,1,NASDAQ
KYMR,1,NASDAQ
PHGUF,1,OTC
VEL,1,NASDAQ
FWRD,1,NASDAQ
SNMSF,1,OTC
EVC,1,NYSE
EQH,1,NASDAQ
ZIMV,1,NASDAQ
LUNG,1,NASDAQ
JDEPF,1,OTC
ICFI,1,NASDAQ
LOPE,1,NASDAQ
SUUIF,1,OTC
RYAN,1,NASDAQ
LEE,1,NYSE
GTIM,1,NASDAQ
FNA,1,NASDAQ
DRH,1,NYSE
CHUY,1,NASDAQ
ADTH,1,NASDAQ
ATRO,1,NASDAQ
TWI,1,NYSE
FPLSF,1,OTC
CLMB,1,NASDAQ
ATEC,1,NASDAQ
XNCR,1,NASDAQ
RAMPF,1,OTC
SUP,1,NYSE
MD,1,NYSE
CRAI,1,NASDAQ
PBSFF,1,OTC
SRRTF,1,OTC
ENV,1,NYSE
AUTL,1,NASDAQ
ALHC,1,NASDAQ
FOJCF,1,OTC
SGHT,1,NASDAQ
FIGS,1,NASDAQ
VNT,1,NASDAQ
TGNA,1,NASDAQ
IDA,1,NYSE
CABO,1,NASDAQ
SRTS,1,NASDAQ
KAOCF,1,OTC
MOD,1,NYSE
EQGPF,1,OTC
AAON,1,NASDAQ
RRR,1,NASDAQ
PHAR,1,NASDAQ
RXO,1,NASDAQ
BDC,1,NYSE
RVTY,1,NASDAQ
XPOF,1,NASDAQ
CSWI,1,NASDAQ
SMPQY,1,
PRAA,1,NASDAQ
AXGN,1,NASDAQ
ASUR,1,NASDAQ
MX,1,NYSE
PIII,1,NASDAQ
SKYT,1,NASDAQ
ICUI,1,NASDAQ
RXST,1,NASDAQ
EVCM,1,NASDAQ
TKOMY,1,OTC
LIDR,1,NASDAQ
BYND,1,NASDAQ
CHGG,1,NYSE
ENTA,1,NASDAQ
EVER,1,NYSE
SGC,1,NASDAQ
FIVN,1,NASDAQ
VECO,1,NASDAQ
ARCT,1,NASDAQ
OCUL,1,NASDAQ
RNG,1,NYSE
SWAV,1,NASDAQ
TDC,1,NYSE
HEAR,1,NASDAQ
CPTN,1,NASDAQ
PAY,1,NYSE
TTOO,1,NASDAQ
TBPH,1,NASDAQ
PLTR,1,NASDAQ
ATIP,1,NASDAQ
SIBN,1,NASDAQ
COMP,1,NASDAQ
SMEGF,1,OTC
PWSC,1,NASDAQ
MNKD,1,NASDAQ
JHX,1,NYSE
CLAR,1,NASDAQ
AMEH,1,NASDAQ
DSP,1,NASDAQ
AIAGF,1,OTC
MVST,1,NASDAQ
ALTO,1,NASDAQ
TCMD,1,NASDAQ
KMPR,1,NYSE
ADEA,1,NASDAQ
HE,1,NYSE
RSLS,1,NASDAQ
DCGO,1,NASDAQ
AKYA,1,NASDAQ
ACVA,1,NASDAQ
AUGX,1,NASDAQ
FGEN,1,NASDAQ
HIMS,1,NASDAQ
AFIB,1,NASDAQ
INGN,1,NASDAQ
LCID,1,NASDAQ
PLUS,1,NASDAQ
SWKS,1,NASDAQ
ALPMF,1,OTC
DKL,1,NYSE
GENI,1,NASDAQ
FRPT,1,NASDAQ
GHM,1,NYSE
SOHU,1,NASDAQ
DAC,1,NYSE
QSI,1,NASDAQ
VTRS,1,NASDAQ
CCO,1,NYSE
FRZA,1,NASDAQ
RGCO,1,NASDAQ
MITT,1,NYSE
PLX,1,NYSE
GNE,1,NYSE
TOLWF,1,OTC
YAMCF,1,OTC
ACT,1,NYSE
EPC,1,NASDAQ
MG,1,NYSE
TTSH,1,NASDAQ
QNRX,1,NASDAQ
MHVYF,1,OTC
UTRS,1,NASDAQ
KRG,1,NYSE
PKOH,1,NASDAQ
VTOL,1,NASDAQ
THS,1,NYSE
SAGE,1,NASDAQ
RDVT,1,NASDAQ
BNTX,1,NASDAQ
UUUU,1,NYSE
BDSX,1,NASDAQ
CAPR,1,NASDAQ
ARWR,1,NASDAQ
MED,1,NYSE
CARA,1,NASDAQ
INMB,1,NASDAQ
BBSEY,1,OTC
GOGO,1,NASDAQ
DK,1,NYSE
KT,1,NYSE
HSIC,1,NASDAQ
TNTFF,1,OTC
AGM,1,NYSE
CLPHY,1,OTC
OSG,1,NASDAQ
LINC,1,NASDAQ
AXSM,1,NASDAQ
CGEN,1,NASDAQ
CCLP,1,NASDAQ
KKR,1,NYSE
XGN,1,NASDAQ
ELAN,1,NASDAQ
KOS,1,NYSE
TSN,1,NYSE
HST,1,NYSE
PWR,1,NYSE
GMAB,1,NASDAQ
TAP,1,NYSE
XTNT,1,NASDAQ
DTM,1,NASDAQ
BLMN,1,NASDAQ
FANG,1,NASDAQ
MAR,1,NASDAQ
AAN,1,NYSE
GBNXF,1,OTC
LKNCY,1,OTC
ROK,1,NYSE
ZBRA,1,NASDAQ
CVLT,1,NASDAQ
GPN,1,NYSE
INCY,1,NASDAQ
LEG,1,NYSE
HWM,1,NASDAQ
VBTX,1,NASDAQ
UTL,1,NYSE
IT,1,NYSE
SWK,1,NYSE
ALGM,1,NASDAQ
UBER,1,NASDAQ
SON,1,NYSE
SPWR,1,NASDAQ
DRQ,1,NYSE
MLCO,1,NASDAQ
CAT,1,NYSE
TRN,1,NYSE
AY,1,NASDAQ
RIG,1,NYSE
CEQP,1,NYSE
TFII,1,NASDAQ
WELL,1,NASDAQ
IDXX,1,NASDAQ
ADUS,1,NASDAQ
FNLPF,1,OTC
ES,1,NASDAQ
IVT,1,NASDAQ
CGAU,1,NASDAQ
MPLX,1,NYSE
NCLH,1,NASDAQ
NSP,1,NYSE
ZBH,1,NASDAQ
PGRE,1,NYSE
SSTK,1,NYSE
RYI,1,NYSE
CAR,1,NASDAQ
ITW,1,NYSE
TRUE,1,NASDAQ
AME,1,NYSE
LSEA,1,NASDAQ
AUDC,1,NASDAQ
MMYT,1,NASDAQ
TWO,1,NYSE
ARI,1,NYSE
MBNKF,1,
BP,1,NYSE
ETRN,1,NASDAQ
DBVT,1,NASDAQ
MPWR,1,NASDAQ
TREX,1,NYSE
ZI,1,NASDAQ
VRNS,1,NASDAQ
WWD,1,NASDAQ
GDEN,1,NASDAQ
NEP,1,NYSE
SJW,1,NYSE
BKRIF,1,OTC
HMST,1,NASDAQ
OMAB,1,NASDAQ
BFIN,1,NASDAQ
JMHLY,1,OTC
CBU,1,NYSE
ARLP,1,NASDAQ
BPIRY,1,OTC
APLS,1,NASDAQ
PSO,1,NYSE
GLPEF,1,OTC
SAMG,1,NASDAQ
SILC,1,NASDAQ
CAMT,1,NASDAQ
IMGN,1,NASDAQ
PXS,1,NASDAQ
FRHLF,1,OTC
THC,1,NYSE
BMRN,1,NASDAQ
FNMA,1,OTC
AMRC,1,NYSE
CPAMF,1,OTC
PRXXF,1,OTC
HEINY,1,OTC
MTH,1,NYSE
SANM,1,NASDAQ
YUMC,1,NASDAQ
EBKOF,1,OTC
LSCC,1,NASDAQ
INST,1,NASDAQ
DV,1,NYSE
HOLX,1,NASDAQ
PETS,1,NASDAQ
AMKR,1,NASDAQ
DSKYF,1,OTC
GAIA,1,NASDAQ
JAPAF,1,OTC
HTLF,1,NASDAQ
RSG,1,NYSE
KFRC,1,NASDAQ
CWK,1,NASDAQ
SGIOF,1,OTC
HLIT,1,NASDAQ
RMBS,1,NASDAQ
BHE,1,NYSE
HSII,1,NASDAQ
TPZEF,1,OTC
NBIX,1,NASDAQ
RIGL,1,NASDAQ
RCKY,1,NASDAQ
SPCE,1,NASDAQ
VFC,1,NYSE
AZPN,1,NASDAQ
CLW,1,NYSE
ACDSF,1,OTC
ROVR,1,NASDAQ
CRCQW,1,OTC
MDXG,1,NASDAQ
ALSSF,1,OTC
BGFV,1,NASDAQ
DENN,1,NASDAQ
KMT,1,NYSE
PCFBF,1,OTC
KRC,1,NYSE
BFAM,1,NYSE
LGIH,1,NASDAQ
JJSF,1,NASDAQ
ARES,1,NYSE
ECL,1,NYSE
IQV,1,NASDAQ
PCH,1,NASDAQ
WEC,1,NYSE
MITSY,1,OTC
KLPEF,1,OTC
PEG,1,NYSE
PAYC,1,NYSE
KIDS,1,NASDAQ
DPSTF,1,OTC
NVRO,1,NYSE
TRNS,1,NASDAQ
AWRE,1,NASDAQ
GIC,1,NASDAQ
SFM,1,NASDAQ
TCS,1,NYSE
RAIFF,1,OTC
CZR,1,NASDAQ
SAFE,1,NASDAQ
SBUX,1,NASDAQ
CTSO,1,NASDAQ
PRTS,1,NASDAQ
EXAS,1,NASDAQ
LMAT,1,NASDAQ
CCCS,1,NASDAQ
ELF,1,NASDAQ
ULCC,1,NASDAQ
CACC,1,NASDAQ
ALIT,1,NASDAQ
CDLX,1,NASDAQ
ESPR,1,NASDAQ
MATX,1,NYSE
COLM,1,NASDAQ
MSTR,1,NASDAQ
NEXPF,1,OTC
PINS,1,NASDAQ
EPD,1,NYSE
CVI,1,NYSE
MO,1,NYSE
ASC,1,NYSE
IPGP,1,NASDAQ
LDOS,1,NYSE
CSR,1,NASDAQ
HRMY,1,NASDAQ
TIMB,1,NASDAQ
SYY,1,NYSE
BCC,1,NYSE
FWRG,1,NASDAQ
DSX,1,NYSE
NLST,1,OTC
RYTM,1,NASDAQ
NBTB,1,NASDAQ
WEIGF,1,OTC
SGRY,1,NASDAQ
FBRT,1,NASDAQ
WSO,1,NYSE
GPK,1,NYSE
IGT,1,NYSE
UAN,1,NYSE
USAC,1,NYSE
BSM,1,NASDAQ
NTB,1,NASDAQ
THRM,1,NASDAQ
VNOM,1,NASDAQ
UNPRF,1,OTC
JBLU,1,NASDAQ
LEA,1,NYSE
CRK,1,NYSE
TGONF,1,
MNGPF,1,OTC
ESAB,1,NASDAQ
TLK,1,NYSE
BSWQY,1,
MSA,1,NYSE
MPC,1,NYSE
GLDD,1,NASDAQ
PLOW,1,NYSE
HUN,1,NYSE
HSBC,1,NYSE
BRX,1,NYSE
ETN,1,NYSE
AROC,1,NASDAQ
ALX,1,NYSE
TGH,1,NYSE
RRX,1,NASDAQ
SMIZF,1,OTC
MOFG,1,NASDAQ
VNO,1,NYSE
TTI,1,NYSE
OSK,1,NYSE
AVB,1,NYSE
CVVTF,1,OTC
CRC,1,NYSE
OWL,1,NASDAQ
HCM,1,NASDAQ
SPCB,1,NASDAQ
AER,1,NYSE
SZCRF,1,OTC
CINF,1,NASDAQ
ARKAF,1,OTC
CUZ,1,NYSE
AMSF,1,NASDAQ
SOI,1,NASDAQ
OVV,1,NASDAQ
NMRK,1,NASDAQ
CAIXY,1,OTC
IMO,1,NYSE
WY,1,NYSE
SBFG,1,NASDAQ
CGGYY,1,OTC
STVN,1,NASDAQ
AVTR,1,NASDAQ
AMSSY,1,OTC
CHD,1,NYSE
CMLS,1,NASDAQ
UVE,1,NYSE
EQR,1,NYSE
BAH,1,NYSE
SNY,1,NYSE
ABR,1,NYSE
AAFRF,1,OTC
FHI,1,NASDAQ
GTLS,1,NASDAQ
BCPC,1,NASDAQ
EGO,1,NYSE
AALBF,1,OTC
EBC,1,NASDAQ
NEXA,1,NASDAQ
ARCB,1,NASDAQ
MGRUF,1,OTC
HSTM,1,NASDAQ
ESS,1,NYSE
RLLMF,1,OTC
MPFRF,1,OTC
USNZY,1,OTC
SBCF,1,NASDAQ
SCTBF,1,OTC
SOSSF,1,
CTTPY,1,OTC
GLPI,1,NASDAQ
HIG,1,NYSE
IMYSF,1,OTC
SSB,1,NASDAQ
CNHI,1,NYSE
POR,1,NYSE
NWL,1,NYSE
BEKSF,1,OTC
CTO,1,NYSE
ENSG,1,NASDAQ
BEN,1,NYSE
CWST,1,NASDAQ
DAN,1,NYSE
VALE,1,NYSE
SCBFF,1,OTC
CNA,1,NYSE
LRLCF,1,OTC
ABCB,1,NASDAQ
CPLP,1,NASDAQ
AON,1,NYSE
HTHIY,1,OTC
GNTX,1,NASDAQ
B,1,NYSE
KNSL,1,NASDAQ
BWMX,1,NASDAQ
FUPEF,1,OTC
EUXTF,1,OTC
VCISF,1,OTC
ATR,1,NYSE
OMVJF,1,OTC
OLN,1,NYSE
MATW,1,NASDAQ
TRP,1,NYSE
CHTR,1,NASDAQ
X,1,NYSE
PEAK,1,NASDAQ
ICAGY,1,OTC
PYPTF,1,OTC
TBBK,1,NASDAQ
NWG,1,NASDAQ
CNC,1,NYSE
CMRE,1,NYSE
BBVA,1,NYSE
ERIE,1,NASDAQ
LTC,1,NYSE
KDDIY,1,OTC
ACHC,1,NASDAQ
TMXXF,1,OTC
SLCA,1,NYSE
CC,1,NASDAQ
LAZY,1,NASDAQ
PFG,1,NYSE
PPRUF,1,OTC
ORC,1,NYSE
IFPJF,1,OTC
MEGEF,1,OTC
FISI,1,NASDAQ
NXT,1,NASDAQ
UMICF,1,OTC
NIPNF,1,OTC
AB,1,NYSE
CRI,1,NYSE
WPC,1,NYSE
AZN,1,NYSE
AMADF,1,OTC
EMN,1,NYSE
E,1,NYSE
VOPKF,1,OTC
CFPZF,1,OTC
DCOM,1,NASDAQ
CUBI,1,NYSE
NVT,1,NASDAQ
MTX,1,NYSE
MOG.A,1,NYSE
CBAN,1,NASDAQ
CVBF,1,NASDAQ
ALRS,1,NASDAQ
ERMAF,1,OTC
CIAFF,1,OTC
DRXGF,1,OTC
FINW,1,NASDAQ
BESIY,1,OTC
TERRF,1,OTC
APYRF,1,OTC
THNPY,1,OTC
PROV,1,NASDAQ
SNMRF,1,OTC
SAPMF,1,OTC
MONRF,1,OTC
FFWM,1,NASDAQ
MGDDF,1,OTC
STEL,1,NASDAQ
SFNC,1,NASDAQ
FSS,1,NYSE
EGBN,1,NASDAQ
BANC,1,NYSE
SECYF,1,OTC
IDRSF,1,
TRS,1,NASDAQ
AEOXF,1,OTC
CNOB,1,NASDAQ
BNDSF,1,OTC
AFRAD,1,
SEBYF,1,OTC
KMTUY,1,OTC
OXLC,1,NASDAQ
SYM,1,NASDAQ
ELKMF,1,OTC
LGRVF,1,OTC
MCUJF,1,OTC
EVBN,1,NYSE
QCRH,1,NASDAQ
MRPRF,1,OTC
ATNI,1,NASDAQ
TMTNF,1,OTC
SSLLF,1,OTC
FRBA,1,NASDAQ
UVSP,1,NASDAQ
ACRFF,1,OTC
ARCVF,1,OTC
NRDXF,1,OTC
IBDSF,1,OTC
WKCMF,1,OTC
BFST,1,NASDAQ
TTAEY,1,
AEGXF,1,OTC
ONB,1,NASDAQ
KIGRY,1,OTC
VLRS,1,NYSE
WTBA,1,NASDAQ
CRRFY,1,OTC
ACAZF,1,OTC
ALFFF,1,OTC
WT,1,NASDAQ
ACXIF,1,OTC
CIVB,1,NASDAQ
IKTSF,1,OTC
AEXAF,1,OTC
MYFW,1,NASDAQ
FHB,1,NASDAQ
FLIC,1,NASDAQ
BWB,1,NASDAQ
MHK,1,NYSE
AIRC,1,NASDAQ
PEB,1,NYSE
PFS,1,NYSE
ATGFF,1,OTC
VRTS,1,NASDAQ
CDP,1,
PRCT,1,NASDAQ
RCDTF,1,OTC
AMH,1,NYSE
OEZVF,1,OTC
ULH,1,NASDAQ
FRST,1,NASDAQ
PIPR,1,NASDAQ
SAIA,1,NASDAQ
CVEO,1,NYSE
LVWR,1,NASDAQ
FINMF,1,OTC
JCDXF,1,OTC
PRDSY,1,OTC
TCH,1,
JRONF,1,OTC
MXCHF,1,OTC
ISNPY,1,OTC
UMGNF,1,OTC
CLNXF,1,OTC
DSRLF,1,OTC
FRRVF,1,
SHG,1,NYSE
ASAI,1,NASDAQ
AAUKF,1,OTC
VRE,1,NASDAQ
CLZNF,1,OTC
AMAL,1,NASDAQ
AUB,1,NASDAQ
INVVY,1,
BY,1,NASDAQ
CPF,1,NYSE
FNNTF,1,OTC
SEGXF,1,OTC
ASPS,1,NASDAQ
LGEAF,1,
MNARF,1,OTC
TCBX,1,NASDAQ
OLO,1,NYSE
OGS,1,NYSE
BKH,1,NYSE
CI,1,NYSE
MKL,1,NYSE
TFX,1,NYSE
SWI,1,NYSE
AGIO,1,NASDAQ
BHC,1,NASDAQ
PZZA,1,NASDAQ
HAS,1,NASDAQ
APTV,1,NASDAQ
TPL,1,NYSE
AHH,1,NYSE
ALB,1,NYSE
DQ,1,NYSE
GT,1,NASDAQ
EPR,1,NYSE
GMRE,1,NASDAQ
GSAT,1,NYSE
IRM,1,NYSE
NTLA,1,NASDAQ
KGC,1,NYSE
TRIP,1,NASDAQ
LUNMF,1,OTC
LMND,1,NASDAQ
GAIN,1,NASDAQ
CIM,1,NYSE
MPLN,1,NASDAQ
WD,1,NYSE
BCE,1,NYSE
CFPUF,1,OTC
UNIT,1,NASDAQ
VYGR,1,NASDAQ
GXO,1,NASDAQ
WIX,1,NASDAQ
PBI,1,NYSE
XRAY,1,NASDAQ
MTG,1,NYSE
BDX,1,NYSE
SABR,1,NASDAQ
APD,1,NYSE
LSPD,1,NASDAQ
BKCC,1,NASDAQ
BCRX,1,NASDAQ
MET,1,NYSE
UGI,1,NYSE
BUD,1,NYSE
APO,1,NYSE
BIP,1,NYSE
RGR,1,NYSE
COMM,1,NASDAQ
GOOS,1,NASDAQ
FMC,1,NYSE
W,1,NYSE
AUPH,1,NASDAQ
K,1,NYSE
ICE,1,NYSE
CNXN,1,NASDAQ
BOOT,1,NYSE
ORTX,1,NASDAQ
ERII,1,NASDAQ
LESL,1,NASDAQ
CFLT,1,NASDAQ
UFPI,1,NASDAQ
SITM,1,NASDAQ
DMRC,1,NASDAQ
BBSI,1,NASDAQ
RMNI,1,NASDAQ
RGNX,1,NASDAQ
RELY,1,NASDAQ
CDAY,1,NASDAQ
KN,1,NYSE
CENT,1,NASDAQ
INSG,1,NASDAQ
CERS,1,NASDAQ
HLF,1,NYSE
NARI,1,NASDAQ
AMWL,1,NASDAQ
RVLV,1,NASDAQ
QTWO,1,NYSE
ECPG,1,NASDAQ
CODI,1,NYSE
ARC,1,NYSE
SRPT,1,NASDAQ
MRAM,1,NASDAQ
Z,1,NASDAQ
HCC,1,NYSE
CSTL,1,NASDAQ
CCRN,1,NASDAQ
CORT,1,NASDAQ
SPNS,1,NASDAQ
FROG,1,NASDAQ
CAKE,1,NASDAQ
NVST,1,NASDAQ
ZETA,1,NASDAQ
CHRS,1,NASDAQ
FARO,1,NASDAQ
EVH,1,NASDAQ
RM,1,NYSE
DFIN,1,NASDAQ
BCOV,1,NASDAQ
CSGS,1,NASDAQ
COOK,1,NASDAQ
EOLS,1,NASDAQ
ROCK,1,NASDAQ
STAA,1,NASDAQ
IVAC,1,NASDAQ
CHRW,1,NASDAQ
SP,1,NASDAQ
NRDS,1,NASDAQ
AUR,1,NASDAQ
NCR,1,NYSE
ATUS,1,NASDAQ
ADPT,1,NYSE
UPWK,1,NASDAQ
NYMT,1,NASDAQ
DOC,1,NYSE
SXC,1,NYSE
EQX,1,NASDAQ
VEOEY,1,OTC
WLKP,1,NYSE
COP,1,NYSE
VMC,1,NYSE
LEV,1,NASDAQ
LNG,1,NYSE
OXY,1,NYSE
IIPR,1,NASDAQ
DIN,1,NYSE
IVPAF,1,OTC
CIVI,1,NYSE
FOUR,1,NASDAQ
RDN,1,NYSE
STWD,1,NYSE
NE,1,NYSE
ANSS,1,NASDAQ
CF,1,NYSE
NFG,1,NYSE
FCNCA,1,NASDAQ
GCI,1,NYSE
VET,1,NYSE
ATO,1,NYSE
SM,1,NYSE
TS,1,NYSE
ABUS,1,NASDAQ
WCN,1,NYSE
AFG,1,NYSE
ROOT,1,NASDAQ
ORA,1,NYSE
SBOW,1,NASDAQ
HT,1,NYSE
PK,1,NASDAQ
NWN,1,NYSE
OCSL,1,NASDAQ
BALL,1,NASDAQ
ADDYY,1,OTC
MDU,1,NYSE
PLYM,1,NASDAQ
ACR,1,NASDAQ
GNL,1,NASDAQ
TGB,1,NYSE
IPI,1,NYSE
WTTR,1,NASDAQ
GSL,1,NYSE
TNK,1,NYSE
MUR,1,NYSE
PSA,1,NYSE
VAC,1,NYSE
MMP,1,NYSE
GRBK,1,NASDAQ
FUN,1,NYSE
SRE,1,NYSE
TCPC,1,NASDAQ
LNTH,1,NASDAQ
WCC,1,NYSE
CARS,1,NASDAQ
HII,1,NYSE
GECC,1,NASDAQ
LNC,1,NYSE
MRO,1,NYSE
NS,1,NYSE
OHI,1,NYSE
MRMD,1,OTC
MKSI,1,NASDAQ
JLL,1,NYSE
TRMB,1,NASDAQ
RGLD,1,NASDAQ
EVA,1,NASDAQ
APA,1,NYSE
EXPE,1,NASDAQ
BRKR,1,NASDAQ
TKR,1,NYSE
CPE,1,NYSE
COHU,1,NASDAQ
BFLY,1,NASDAQ
NEWT,1,NASDAQ
PLNT,1,NASDAQ
MTSI,1,NASDAQ
IDCC,1,NASDAQ
ALNY,1,NASDAQ
CNQ,1,NYSE
AEE,1,NYSE
ENTG,1,NASDAQ
MFA,1,NYSE
CGNX,1,NASDAQ
ASLE,1,NASDAQ
PH,1,NYSE
EPAM,1,NYSE
PNW,1,NYSE
VEON,1,NASDAQ
RTL,1,NASDAQ
OCN,1,NYSE
CYH,1,NYSE
BMWYY,1,OTC
SBH,1,NYSE
KTB,1,NASDAQ
CHRD,1,NASDAQ
DINO,1,NASDAQ
SO,1,NYSE
LAMR,1,NASDAQ
NTR,1,NASDAQ
CIO,1,NYSE
TPX,1,NYSE
SHAK,1,NASDAQ
IR,1,NYSE
TRGP,1,NYSE
ITCI,1,NASDAQ
SPH,1,NYSE
NOG,1,NYSE
SAVE,1,NASDAQ
PBF,1,NYSE
CMI,1,NYSE
FICO,1,NYSE
SBGI,1,NASDAQ
FORM,1,NASDAQ
SMG,1,NYSE
GPOR,1,NASDAQ
NNN,1,NYSE
NAUT,1,NASDAQ
MIXT,1,NYSE
CRTO,1,NASDAQ
BRSP,1,NASDAQ
PERI,1,NASDAQ
UTHR,1,NASDAQ
EYPT,1,NASDAQ
GLYC,1,NASDAQ
DT,1,NASDAQ
WEYS,1,NASDAQ
HUM,1,NYSE
LXP,1,NYSE
GFF,1,NYSE
CERE,1,NASDAQ
ALL,1,NYSE
ARDX,1,NASDAQ
BLDR,1,NASDAQ
MHH,1,NYSE
JHG,1,NASDAQ
ADC,1,NYSE
TRTX,1,NASDAQ
HRZN,1,NASDAQ
BLKB,1,NASDAQ
AXS,1,NYSE
KWR,1,NYSE
PCRX,1,NASDAQ
STE,1,NYSE
COCO,1,NASDAQ
LPX,1,NYSE
LFUS,1,NASDAQ
PXD,1,NYSE
CCRD,1,NASDAQ
VOYA,1,NYSE
FE,1,NYSE
SR,1,NYSE
PECO,1,NASDAQ
PSN,1,NASDAQ
ASTE,1,NASDAQ
VRSK,1,NASDAQ
ADNT,1,NASDAQ
VMEO,1,NASDAQ
CHCT,1,NASDAQ
BRY,1,NASDAQ
BLCO,1,NASDAQ
FCPT,1,NASDAQ
AHT,1,NYSE
DHC,1,NASDAQ
OI,1,NYSE
EXC,1,NYSE
GNRC,1,NYSE
INVZ,1,NASDAQ
DPMLF,1,OTC
WBX,1,NASDAQ
RDCM,1,NASDAQ
SPXC,1,NASDAQ
CG,1,NASDAQ
YUM,1,NYSE
AXTA,1,NYSE
AIZ,1,NYSE
HLN,1,NASDAQ
RITM,1,NASDAQ
HESAY,1,OTC
OTTR,1,NASDAQ
NMR,1,NYSE
INSP,1,NASDAQ
CRNT,1,NASDAQ
SILK,1,NASDAQ
NCSM,1,NASDAQ
FRSH,1,NASDAQ
SEDG,1,NASDAQ
BCAB,1,NASDAQ
PEN,1,NASDAQ
OMCL,1,NASDAQ
CMBM,1,NASDAQ
CZOO,1,NASDAQ
VREX,1,NASDAQ
SHLS,1,NASDAQ
MLNK,1,NASDAQ
NMIH,1,NASDAQ
NUS,1,NYSE
EXEL,1,NASDAQ
EXTR,1,NASDAQ
CCJ,1,NYSE
SITE,1,NASDAQ
YOU,1,NASDAQ
CDW,1,NASDAQ
GTHX,1,NASDAQ
FIS,1,NYSE
BWA,1,NYSE
TEX,1,NYSE
DD,1,NYSE
COR,1,NYSE
UIS,1,NYSE
WWE,1,NYSE
SUN,1,NYSE
CLH,1,NYSE
SHIP,1,NASDAQ
RCM,1,NASDAQ
WSR,1,NYSE
BPMC,1,NASDAQ
UNM,1,NYSE
MTCH,1,NASDAQ
JCI,1,NYSE
BG,1,NYSE
VAL,1,NYSE
TT,1,NASDAQ
NR,1,NYSE
FTS,1,NASDAQ
ICPT,1,NASDAQ
CWH,1,NASDAQ
CHEF,1,NASDAQ
XYL,1,NYSE
DRVN,1,NASDAQ
DASH,1,NASDAQ
RSI,1,NASDAQ
ATOM,1,NASDAQ
ALLO,1,NASDAQ
ET,1,NASDAQ
APAM,1,NYSE
UVV,1,NYSE
CCEP,1,NASDAQ
ESGR,1,NASDAQ
TTMI,1,NASDAQ
HUBS,1,NYSE
SCKT,1,NASDAQ
OPAD,1,NASDAQ
ANDE,1,NASDAQ
HPP,1,NYSE
FTDR,1,NASDAQ
ROAD,1,NASDAQ
NBGIF,1,OTC
DEI,1,NYSE
TRIN,1,NASDAQ
ETR,1,NYSE
DREUF,1,OTC
VRT,1,NASDAQ
FDP,1,NYSE
CIGI,1,NASDAQ
RIOCF,1,OTC
MFIC,1,NASDAQ
ETD,1,NASDAQ
BXC,1,NYSE
CTSH,1,NASDAQ
MELI,1,NASDAQ
SSRM,1,NASDAQ
TPVG,1,NYSE
GKOS,1,NASDAQ
ACAD,1,NASDAQ
DOX,1,NASDAQ
MCK,1,NYSE
RUN,1,NASDAQ
HDSN,1,NASDAQ
PCOR,1,NASDAQ
MAX,1,NASDAQ
EVGO,1,NASDAQ
DXC,1,NASDAQ
BAND,1,NASDAQ
PACB,1,NASDAQ
HOOD,1,NASDAQ
EQIX,1,NASDAQ
SDGR,1,NASDAQ
OM,1,NASDAQ
MGM,1,NYSE
SKLZ,1,NASDAQ
DHX,1,NYSE
NUVA,1,NASDAQ
JOBY,1,NASDAQ
U,1,NASDAQ
EDVMF,1,OTC
XHR,1,NASDAQ
ALGT,1,NASDAQ
KAI,1,NYSE
SHOO,1,NASDAQ
RGEN,1,NASDAQ
DNOW,1,NYSE
CLDT,1,NYSE
EHC,1,NASDAQ
RACE,1,NASDAQ
SCI,1,NYSE
WTI,1,NYSE
SEMHF,1,OTC
SHEN,1,NASDAQ
IMXI,1,NASDAQ
VCEL,1,NASDAQ
MOS,1,NYSE
BXP,1,NYSE
SKY,1,NYSE
STNG,1,NYSE
KPTI,1,NASDAQ
NI,1,NYSE
ENLC,1,NYSE
GRMN,1,NASDAQ
LPG,1,NYSE
TRI,1,NYSE
MTRN,1,NYSE
TRVG,1,NASDAQ
TGI,1,NYSE
ACRE,1,NYSE
MIR,1,NASDAQ
GTE,1,NYSE
POWL,1,NASDAQ
DVN,1,NYSE
MCS,1,NYSE
SPR,1,NYSE
CPXWF,1,OTC
HY,1,NYSE
KRP,1,NASDAQ
TX,1,NYSE
SMP,1,NYSE
WING,1,NASDAQ
NHTC,1,NASDAQ
ATI,1,NYSE
MGY,1,NASDAQ
JBT,1,NYSE
BHR,1,NASDAQ
PSX,1,NYSE
PUMP,1,NASDAQ
AVA,1,NYSE
PGR,1,NYSE
FLS,1,NYSE
FMS,1,NYSE
HVT,1,NYSE
QUAD,1,NYSE
CSCCF,1,OTC
CNDT,1,NASDAQ
PETQ,1,NASDAQ
ADAP,1,NASDAQ
SUPN,1,NASDAQ
MGOL,1,NASDAQ
DPSI,1,NASDAQ
SLND,1,NASDAQ
NIR,1,NASDAQ
ELVA,1,NASDAQ
SGGKF,1,OTC
HSAI,1,NASDAQ
FLYLF,1,OTC
LSTA,1,NASDAQ
SHFS,1,NASDAQ
LGGNY,1,OTC
OGFGF,1,OTC
SWAG,1,NASDAQ
KNW,1,NASDAQ
GGNDF,1,OTC
KE,1,NASDAQ
TRMD,1,NASDAQ
AVAL,1,NYSE
ZENV,1,NASDAQ
LYTS,1,NASDAQ
NPWR,1,NASDAQ
RVYL,1,NASDAQ
SDRL,1,NYSE
OSSIF,1,OTC
KHOTF,1,OTC
CXAI,1,NASDAQ
GRND,1,NASDAQ
CNVS,1,NASDAQ
TRMR,1,NYSE
NXGL,1,NASDAQ
VIPS,1,NYSE
BKE,1,NYSE
VJET,1,NYSE
MSGS,1,NASDAQ
EVGN,1,NYSE
ZRSEF,1,OTC
GLOB,1,NYSE
ADYEY,1,OTC
LNVGY,1,OTC
SPKKY,1,OTC
LASE,1,NASDAQ
HXGCF,1,OTC
AEG,1,NYSE
THQQF,1,OTC
FTCH,1,NASDAQ
KEYS,1,NYSE
BILL,1,NASDAQ
NDRBF,1,OTC
ROST,1,NASDAQ
PRPO,1,NASDAQ
GCT,1,NASDAQ
CAVA,1,NASDAQ
MCOM,1,NASDAQ
NOGN,1,NASDAQ
XWEL,1,NASDAQ
ZVRA,1,NASDAQ
TKC,1,NYSE
NA,1,
TWIN,1,NASDAQ
JKHY,1,NASDAQ
KULR,1,NASDAQ
FTRE,1,NASDAQ
PFGC,1,NASDAQ
PAVM,1,NASDAQ
INTR,1,NASDAQ
ENSV,1,NYSE
ASTS,1,NASDAQ
CABGY,1,OTC
SLRN,1,NASDAQ
KMDA,1,NASDAQ
RUM,1,NASDAQ
AMIGF,1,OTC
IGIC,1,NASDAQ
BAFBF,1,OTC
FENG,1,NYSE
UCL,1,NASDAQ
CRWS,1,NASDAQ
TJX,1,NYSE
MDWD,1,NASDAQ
BFI,1,NASDAQ
HLUKF,1,
GLAPF,1,OTC
DLO,1,NASDAQ
IIVI,1,
AVT,1,NYSE
NFYEF,1,OTC
SQM,1,NYSE
AMCR,1,NASDAQ
BORR,1,NASDAQ
CLPBF,1,OTC
ROMJF,1,OTC
MDGEF,1,OTC
LITE,1,NASDAQ
LOVLY,1,
SPTN,1,NASDAQ
NICE,1,NASDAQ
IMAB,1,NASDAQ
BILI,1,NASDAQ
HTLZF,1,OTC
AYRWF,1,OTC
GAMB,1,NASDAQ
SGHC,1,NASDAQ
ODJAF,1,
NNOX,1,NASDAQ
EH,1,NASDAQ
DOLE,1,NASDAQ
TOUR,1,NASDAQ
FLNG,1,NASDAQ
EAT,1,NYSE
PYCR,1,NASDAQ
SNPS,1,NASDAQ
STNE,1,NASDAQ
WOLF,1,NASDAQ
STIX,1,NASDAQ
YRD,1,NASDAQ
MAPS,1,NASDAQ
CLLKF,1,OTC
ACOPF,1,OTC
KSFTF,1,OTC
DKS,1,NYSE
XFLT,1,NASDAQ
AWCMF,1,OTC
LU,1,NASDAQ
BKFKF,1,OTC
WDS,1,NASDAQ
API,1,NYSE
COTY,1,NYSE
KUASF,1,OTC
IQ,1,NASDAQ
KC,1,NASDAQ
M,1,NYSE
SPHR,1,NASDAQ
NNCSF,1,OTC
CRGO,1,NASDAQ
DFLI,1,NASDAQ
OROCF,1,OTC
OCGN,1,NASDAQ
QFIN,1,NASDAQ
FFIE,1,NASDAQ
PINC,1,NASDAQ
RDBBF,1,OTC
CSIQ,1,NASDAQ
MNSO,1,NASDAQ
AGXXF,1,OTC
TNGRF,1,OTC
WDGJF,1,OTC
RGS,1,NYSE
ANF,1,NYSE
APAJF,1,OTC
LLKKF,1,OTC
WTCHF,1,OTC
FLXS,1,NASDAQ
CTRN,1,NASDAQ
BIOYF,1,OTC
KRNGF,1,OTC
URBN,1,NASDAQ
MPZZF,1,OTC
NEXCF,1,OTC
BIDU,1,NASDAQ
SPI,1,NASDAQ
GDS,1,NASDAQ
BOSC,1,NASDAQ
BMTX,1,NASDAQ
ELMD,1,NYSE
ATGN,1,OTC
SCSC,1,NASDAQ
TBLT,1,NASDAQ
EVAX,1,NASDAQ
XJNGF,1,OTC
NDSN,1,NASDAQ
BJ,1,NASDAQ
SY,1,NASDAQ
MSGM,1,NASDAQ
ATAT,1,NASDAQ
ASXFF,1,OTC
DTNOF,1,OTC
AGRO,1,NYSE
BLGO,1,OTC
EVSBY,1,OTC
RLX,1,NASDAQ
MSGE,1,NASDAQ
KGSPF,1,OTC
INLX,1,NASDAQ
CINT,1,NASDAQ
UBLXF,1,OTC
CAAP,1,NASDAQ
STG,1,NASDAQ
KGHPF,1,OTC
SFL,1,NYSE
STECF,1,OTC
KTCC,1,NASDAQ
TSSI,1,OTC
DE,1,NYSE
EL,1,NYSE
GASS,1,NASDAQ
ELBM,1,NASDAQ
XPEV,1,NASDAQ
RRGB,1,NASDAQ
PLCE,1,NASDAQ
DBGI,1,NASDAQ
AREN,1,NASDAQ
FFNTF,1,OTC
FN,1,NYSE
SMSOF,1,OTC
TPCS,1,NASDAQ
GTEC,1,NASDAQ
MACE,1,OTC
GNNSF,1,OTC
JT,1,NASDAQ
ALMFF,1,OTC
EM,1,NASDAQ
MRCY,1,NASDAQ
ELTK,1,NASDAQ
NNDM,1,NASDAQ
ZEPP,1,NASDAQ
JFIN,1,NASDAQ
AUVI,1,NASDAQ
RNW,1,NASDAQ
DADA,1,NASDAQ
CAHPF,1,OTC
NVGS,1,NYSE
SPXCF,1,OTC
ELUT,1,
DESP,1,NASDAQ
ARCO,1,NYSE
NGL,1,NYSE
BRFH,1,NASDAQ
MIRO,1,NASDAQ
ALTI,1,NASDAQ
TCEHY,1,OTC
WILLF,1,OTC
JD,1,NASDAQ
ZEVY,1,
CMPO,1,NASDAQ
USIO,1,NASDAQ
MNTS,1,NASDAQ
GETY,1,NASDAQ
CVV,1,NASDAQ
HYPR,1,NASDAQ
GAME,1,NASDAQ
ROIV,1,NASDAQ
TLLTF,1,OTC
BBTVF,1,OTC
NVTS,1,NASDAQ
OWLT,1,NASDAQ
SLGC,1,NASDAQ
BIOR,1,NASDAQ
MFON,1,OTC
UGRO,1,NASDAQ
TOMZ,1,NASDAQ
SNAX,1,NASDAQ
GP,1,NASDAQ
FLNT,1,NASDAQ
SLE,1,
VEV,1,NASDAQ
NMTC,1,NASDAQ
IZEA,1,NASDAQ
SCTL,1,NASDAQ
DLPN,1,NASDAQ
AWH,1,NYSE
CSSE,1,NASDAQ
PPSI,1,NASDAQ
GRNWF,1,OTC
REKR,1,NASDAQ
CURI,1,NASDAQ
GDNSF,1,OTC
CLVR,1,NASDAQ
QRHC,1,NASDAQ
AEY,1,NASDAQ
DH,1,NASDAQ
XP,1,NASDAQ
GROV,1,NASDAQ
EGLX,1,NASDAQ
DMS,1,NASDAQ
OXBR,1,NASDAQ
NRXP,1,NASDAQ
DUOT,1,NASDAQ
GOEV,1,NASDAQ
EAST,1,NASDAQ
ICAD,1,NASDAQ
PSTV,1,NASDAQ
CMCL,1,NASDAQ
QUIK,1,NASDAQ
NDRA,1,NASDAQ
GLASF,1,OTC
CEAD,1,NASDAQ
YTEN,1,NASDAQ
MARK,1,NASDAQ
GVP,1,NYSE
TGT,1,NYSE
SNDL,1,NASDAQ
LMFA,1,NASDAQ
CEPU,1,NASDAQ
BRLXF,1,OTC
MNDY,1,NASDAQ
CGJTF,1,OTC
BWEN,1,NASDAQ
SGRP,1,NASDAQ
CVSI,1,OTC
DBD,1,NYSE
LICY,1,NASDAQ
ACXP,1,NASDAQ
GMDA,1,NASDAQ
KRRGF,1,OTC
IMCC,1,NASDAQ
GIPR,1,NASDAQ
HUMA,1,NASDAQ
ERJ,1,NYSE
RSGUF,1,OTC
ATOS,1,NASDAQ
MHIVF,1,OTC
XELA,1,NASDAQ
CCHWF,1,OTC
AMPS,1,NYSE
MEDIF,1,OTC
NGRRF,1,OTC
CRGE,1,NASDAQ
FATH,1,NASDAQ
AMS,1,NYSE
SNDA,1,NASDAQ
OPRX,1,NASDAQ
ASTR,1,NASDAQ
TCON,1,NASDAQ
HRTX,1,NASDAQ
INPX,1,NASDAQ
ARBQY,1,
VTSI,1,NASDAQ
HYPOF,1,OTC
PRBZF,1,OTC
BEPTF,1,OTC
EFRTF,1,OTC
TAGOF,1,OTC
BABYF,1,OTC
VEEE,1,NASDAQ
ICCM,1,NASDAQ
DOYU,1,NASDAQ
SUNW,1,NASDAQ
ANSLF,1,OTC
RVLP,1,NASDAQ
MDV,1,NASDAQ
DTST,1,NASDAQ
SDPI,1,NYSE
RDI,1,NASDAQ
CORR,1,NYSE
MBXBF,1,OTC
BEEM,1,NASDAQ
AREC,1,NASDAQ
TGAN,1,NASDAQ
URG,1,NYSE
GTOFF,1,OTC
PIK,1,NASDAQ
WYY,1,NYSE
CSAN,1,NASDAQ
RNWEF,1,OTC
ELP,1,NYSE
PNDZF,1,OTC
MGLUY,1,OTC
FUNFF,1,OTC
TFFP,1,NASDAQ
SAUHF,1,OTC
MRRTY,1,OTC
LLAP,1,NASDAQ
EIHDF,1,OTC
ARKR,1,NASDAQ
ELTP,1,OTC
BRFS,1,NYSE
DMAC,1,NASDAQ
NTCO,1,NASDAQ
JOB,1,NYSE
WWR,1,NASDAQ
CGIFF,1,OTC
ONON,1,NASDAQ
BPMUF,1,
QIPT,1,NASDAQ
VQS,1,NASDAQ
UAVS,1,NASDAQ
VERO,1,NASDAQ
SACH,1,NASDAQ
CRLBF,1,OTC
ZIM,1,NASDAQ
ALC,1,NASDAQ
KSCP,1,NASDAQ
TTBKF,1,OTC
OCFT,1,NASDAQ
LUNR,1,NASDAQ
GBNH,1,NASDAQ
TRAUF,1,OTC
ILLMF,1,
NU,1,NYSE
BTCY,1,NASDAQ
SKYH,1,NASDAQ
FOEAF,1,
LRN,1,NYSE
PEV,1,NASDAQ
A,1,NYSE
NGS,1,NYSE
FSI,1,NYSE
IONM,1,NASDAQ
SBET,1,NASDAQ
DNTUF,1,OTC
TCHBF,1,OTC
SCND,1,OTC
HRB,1,NYSE
WISA,1,NASDAQ
SYPR,1,NASDAQ
ITRN,1,NASDAQ
TURN,1,NASDAQ
AIM,1,NASDAQ
PSFE,1,NASDAQ
FRLN,1,NASDAQ
SE,1,NYSE
OMQS,1,NASDAQ
AYRO,1,NASDAQ
ACHV,1,NASDAQ
ECNCF,1,OTC
KNRLF,1,OTC
YALA,1,NASDAQ
GURE,1,NASDAQ
TSRYY,1,OTC
PMCUF,1,OTC
CSLLY,1,OTC
CHEOF,1,OTC
SMSMY,1,OTC
MOVE,1,NASDAQ
TMC,1,NASDAQ
IGXT,1,OTC
INTZ,1,NASDAQ
CLSD,1,NASDAQ
AAMC,1,NYSE
PRSO,1,NASDAQ
INVO,1,NASDAQ
GNLN,1,NASDAQ
IKT,1,NASDAQ
JMIA,1,NASDAQ
ALLG,1,NASDAQ
TME,1,NASDAQ
LEGN,1,NASDAQ
EIC,1,NASDAQ
XNET,1,NASDAQ
SMTI,1,NASDAQ
BPTH,1,NASDAQ
JBSAY,1,OTC
BKYI,1,NASDAQ
ECC,1,NYSE
HUIZ,1,NASDAQ
IHS,1,NYSE
SU,1,NYSE
DLTNF,1,OTC
FLGC,1,NASDAQ
ESLT,1,NASDAQ
HUYA,1,NASDAQ
GSM,1,NASDAQ
MLSS,1,NASDAQ
SYTA,1,NASDAQ
LUCD,1,NASDAQ
RSKD,1,NASDAQ
VNRX,1,NASDAQ
MOND,1,NASDAQ
EOSE,1,NASDAQ
SIDU,1,NASDAQ
LZB,1,NYSE
STOSF,1,OTC
NMM,1,NYSE
SCWX,1,NASDAQ
LAKE,1,NASDAQ
DSGX,1,NASDAQ
CNVCF,1,OTC
STZ,1,NYSE
CXM,1,NASDAQ
YEXT,1,NASDAQ
PATH,1,NASDAQ
INTA,1,NASDAQ
PHR,1,NASDAQ
AI,1,NYSE
VRNT,1,NASDAQ
PLAY,1,NASDAQ
BASE,1,NASDAQ
CTLP,1,NASDAQ
AEO,1,NYSE
SPWH,1,NASDAQ
AGX,1,NYSE
CURV,1,NASDAQ
UAL,1,NYSE
LND,1,NYSE
GIS,1,NYSE
CRSP,1,NASDAQ
KMB,1,NYSE
ONTTF,1,OTC
KIRK,1,NASDAQ
GENSF,1,OTC
ANCTF,1,OTC
ALOT,1,NASDAQ
ABM,1,NYSE
PL,1,NYSE
SMAR,1,NASDAQ
DOCU,1,NASDAQ
GOOG,1,NASDAQ
ZUMZ,1,NASDAQ
BBCP,1,NASDAQ
LTRX,1,NASDAQ
IRS,1,NYSE
ADP,1,NASDAQ
ISRG,1,NASDAQ
DAKT,1,NASDAQ
TTC,1,NYSE
WDH,1,NASDAQ
WLY,1,NASDAQ
TNP,1,NYSE
BA,1,NYSE
SAIC,1,NYSE
KFY,1,NYSE
DOOO,1,NASDAQ
TCLAF,1,OTC
SAPLF,1,OTC
DBI,1,NASDAQ
PYTCF,1,OTC
GIII,1,NASDAQ
GLW,1,NYSE
SNT,1,NASDAQ
DRKTF,1,OTC
IOBCF,1,OTC
CBWBF,1,OTC
JILL,1,NASDAQ
SASDQ,1,
DDL,1,NASDAQ
CDRO,1,NASDAQ
FOSUF,1,OTC
SOL,1,NYSE
BEKE,1,NASDAQ
HCP,1,NYSE
LE,1,NASDAQ
OXM,1,NYSE
IOT,1,NYSE
CLIR,1,NASDAQ
S,1,NYSE
ESTC,1,NASDAQ
NTNX,1,NASDAQ
ARCE,1,NASDAQ
AMRK,1,NASDAQ
LULU,1,NASDAQ
TLYS,1,NYSE
DELL,1,NASDAQ
PD,1,NASDAQ
SIG,1,NYSE
ALLT,1,NASDAQ
TITN,1,NASDAQ
GCO,1,NYSE
NX,1,NYSE
BAOS,1,NASDAQ
EXPR,1,NYSE
TCOM,1,NASDAQ
AKTS,1,NASDAQ
MDLZ,1,NASDAQ
CL,1,NYSE
ZFOX,1,NASDAQ
CNM,1,NASDAQ
HCHDF,1,OTC
PLAB,1,NASDAQ
MJDLF,1,OTC
HQY,1,NASDAQ
AVAV,1,NASDAQ
ASAN,1,NASDAQ
SGML,1,NASDAQ
GTLB,1,NASDAQ
ASND,1,NASDAQ
SAP,1,NYSE
NOK,1,NYSE
STX,1,NASDAQ
ASHTF,1,OTC
V,1,NYSE
PGPHF,1,OTC
CRMT,1,NASDAQ
SRHGF,1,OTC
PROC,1,NASDAQ
BRC,1,NYSE
GOFPY,1,OTC
FCX,1,NYSE
AOUT,1,NASDAQ
GWRE,1,NYSE
LUV,1,NYSE
GE,1,NYSE
EMLAF,1,OTC
DAL,1,NYSE
OTIS,1,NASDAQ
CRNCY,1,OTC
IPA,1,NASDAQ
MYNA,1,NASDAQ
MYTE,1,NASDAQ
TRZBF,1,OTC
IPHA,1,NASDAQ
CURN,1,OTC
STRM,1,NASDAQ
MIND,1,NASDAQ
EXXRF,1,OTC
OPTT,1,NASDAQ
IREN,1,NASDAQ
SMTC,1,NASDAQ
IBEX,1,NASDAQ
DYNDF,1,OTC
RSSS,1,NASDAQ
LSAK,1,NASDAQ
RLGT,1,NYSE
EPM,1,NYSE
SLQT,1,NASDAQ
ZGN,1,NASDAQ
LMT,1,NYSE
RFIL,1,NASDAQ
MEI,1,NYSE
IPW,1,NYSE
ICMB,1,NASDAQ
NWINF,1,OTC
SQZZF,1,OTC
HRGLF,1,OTC
APOG,1,NASDAQ
AZO,1,NYSE
RNSHF,1,OTC
GHG,1,NASDAQ
SFIX,1,NASDAQ
SCPPF,1,OTC
PNXGF,1,OTC
LEN,1,NYSE
HITI,1,NASDAQ
OCC,1,NASDAQ
CSBR,1,NASDAQ
DLNG,1,NYSE
HYW,1,NASDAQ
NCPL,1,NASDAQ
FEIM,1,NASDAQ
LITB,1,NYSE
THGHY,1,OTC
LPTH,1,NASDAQ
CPRT,1,NASDAQ
MITK,1,NASDAQ
EGAN,1,NASDAQ
ABBV,1,NYSE
C,1,NYSE
BUR,1,NASDAQ
AXP,1,NYSE
WFC,1,NYSE
RROTF,1,OTC
AVO,1,NASDAQ
BIOX,1,NASDAQ
SKIL,1,NASDAQ
ORCL,1,NYSE
JPM,1,NYSE
BAC,1,NYSE
BIIB,1,NASDAQ
FCEL,1,NASDAQ
BOWL,1,NASDAQ
CRESY,1,NASDAQ
BMY,1,NYSE
SBSAA,1,OTC
KR,1,NYSE
HOFT,1,NASDAQ
NAAS,1,NASDAQ
RENT,1,NASDAQ
EGHSF,1,OTC
TCYSF,1,OTC
BRZE,1,NASDAQ
DIISF,1,OTC
RH,1,NYSE
CDMO,1,NASDAQ
LMNR,1,NASDAQ
CGNT,1,NASDAQ
VNCE,1,NYSE
CASY,1,NASDAQ
INNV,1,NASDAQ
CBRL,1,NASDAQ
NOC,1,NYSE
MMM,1,NYSE
REVG,1,NASDAQ
CODA,1,NASDAQ
USB,1,NYSE
DLMAF,1,OTC
PAFRF,1,OTC
WLDBF,1,OTC
NNWWF,1,OTC
IDEXY,1,OTC
EGIO,1,NASDAQ
CYTO,1,NASDAQ
CARR,1,NASDAQ
EVTZF,1,OTC
MS,1,NYSE
FARM,1,NASDAQ
GS,1,NYSE
AA,1,NYSE
UNP,1,NYSE
MTRX,1,NASDAQ
HON,1,NYSE
FQVTF,1,OTC
NNXPF,1,OTC
QH,1,NASDAQ
BNR,1,NASDAQ
TOL,1,NYSE
CLGN,1,NASDAQ
CRDO,1,NASDAQ
CBYDF,1,OTC
FUV,1,NASDAQ
ULTA,1,NASDAQ
JWN,1,NYSE
GPS,1,NYSE
BWLKF,1,OTC
POSAF,1,OTC
CICHY,1,OTC
CANG,1,NASDAQ
YI,1,NASDAQ
RGRNF,1,OTC
EKTAF,1,OTC
TDCX,1,NASDAQ
AAGIY,1,OTC
AUKNY,1,OTC
TUYA,1,NASDAQ
VNET,1,NASDAQ
BEST,1,NASDAQ
OSIS,1,NASDAQ
NESRF,1,OTC
ALAR,1,NASDAQ
WB,1,NASDAQ
BBAR,1,NASDAQ
NM,1,NYSE
PAGS,1,NASDAQ
HTHT,1,NASDAQ
BBW,1,NYSE
ELVAF,1,OTC
JOAN,1,NASDAQ
ZZHGF,1,OTC
LFVN,1,NASDAQ
CNTMF,1,OTC
GB,1,NYSE
DOCRF,1,OTC
APPEF,1,OTC
BZUN,1,NASDAQ
RMLRF,1,OTC
CNGGF,1,OTC
AFGVF,1,OTC
YSG,1,NASDAQ
COE,1,NASDAQ
ZH,1,NASDAQ
HIBB,1,NASDAQ
EUCMF,1,
BMA,1,NYSE
NWVCF,1,OTC
AKBA,1,NASDAQ
NSCIF,1,OTC
TSYHY,1,OTC
DOMO,1,NASDAQ
AMSWA,1,NASDAQ
WFAFF,1,OTC
PILBF,1,OTC
JBSS,1,NASDAQ
PESAF,1,OTC
APNHF,1,OTC
RERE,1,NASDAQ
OOMA,1,NASDAQ
NTAP,1,NASDAQ
AVNW,1,NASDAQ
ANZFF,1,OTC
SNOW,1,NYSE
MXDHF,1,
GES,1,NYSE
SPLK,1,NASDAQ
IACAF,1,
SSHPF,1,OTC
GRAB,1,NASDAQ
VEXTF,1,OTC
FL,1,NYSE
BBWI,1,NASDAQ
YMM,1,NASDAQ
SOTGY,1,OTC
BVNKF,1,OTC
LANC,1,NASDAQ
MHGVY,1,OTC
WSM,1,NYSE
KSS,1,NYSE
WOLWF,1,OTC
DY,1,NYSE
FSCO,1,NASDAQ
AAP,1,NYSE
ZUO,1,NASDAQ
SSL,1,NYSE
DXLG,1,NASDAQ
ILKAF,1,OTC
PGRU,1,NASDAQ
HEPS,1,NASDAQ
YHEKF,1,OTC
LMDX,1,NASDAQ
SLGWF,1,OTC
MPNGF,1,OTC
OYIEF,1,
FRO,1,NYSE
NTES,1,NASDAQ
BURL,1,NYSE
DAO,1,NASDAQ
EDAP,1,NASDAQ
HAIN,1,NASDAQ
VIOT,1,NASDAQ
FUTU,1,NASDAQ
UFI,1,NYSE
MOV,1,NYSE
OPRA,1,NASDAQ
DLTR,1,NASDAQ
YJ,1,NASDAQ
WOOF,1,NASDAQ
AACAY,1,OTC
DRD,1,NYSE
NWARF,1,OTC
LYSFF,1,OTC
AFYA,1,NASDAQ
BIG,1,NYSE
CHS,1,NYSE
PDRDF,1,OTC
UBS,1,NYSE
HTOO,1,NASDAQ
PNGAY,1,OTC
SFRRF,1,OTC
FANH,1,NASDAQ
PMNXF,1,OTC
FIVE,1,NASDAQ
NTIOF,1,OTC
MESO,1,NASDAQ
DMGGF,1,OTC
CONN,1,NASDAQ
PSTG,1,NASDAQ
CRM,1,NYSE
CHWY,1,NASDAQ
COO,1,NYSE
BIOC,1,NASDAQ
NSSC,1,NASDAQ
VEEV,1,NYSE
FEAM,1,NASDAQ
IDCBY,1,OTC
REX,1,NYSE
BF.B,1,NYSE
VRA,1,NASDAQ
BACHF,1,OTC
ETRGF,1,OTC
GUKYF,1,OTC
JG,1,NASDAQ
XYF,1,NASDAQ
VSCO,1,NASDAQ
IMPUY,1,OTC
ASO,1,NASDAQ
LFCR,1,NASDAQ
LRCDF,1,OTC
DLTH,1,NASDAQ
ALVO,1,NASDAQ
CULP,1,NASDAQ
CLCO,1,NASDAQ
CD,1,NASDAQ
GMS,1,NASDAQ
KRKR,1,NASDAQ
OLLI,1,NASDAQ
GEF,1,NYSE
CAL,1,NASDAQ
HRL,1,NYSE
PAHC,1,NASDAQ
MOMO,1,NASDAQ
DG,1,NYSE
TIO,1,NASDAQ
CM,1,NYSE
KNOP,1,NYSE
CIEN,1,NYSE
PSNY,1,NASDAQ
FLWS,1,NASDAQ
CPB,1,NYSE
ASAPF,1,OTC
HOV,1,NYSE
BLRX,1,NASDAQ
PSEC,1,NASDAQ
CTLT,1,NYSE
CNF,1,NASDAQ
XIACF,1,OTC
EVOTF,1,OTC
BWLLF,1,OTC
ZIZTF,1,OTC
FINV,1,NASDAQ
HEI,1,NYSE
NOAH,1,NYSE
SCVL,1,NASDAQ
NNGPF,1,OTC
REE,1,NYSE
CNPOF,1,OTC
NIO,1,NYSE
NDVAF,1,OTC
QUISF,1,OTC
PDD,1,NASDAQ
CAN,1,NASDAQ
ARBKF,1,OTC
MBUU,1,NASDAQ
BBY,1,NYSE
GOGL,1,NASDAQ
SJM,1,NYSE
BMO,1,NYSE
TIGR,1,NASDAQ
BZ,1,NASDAQ
GLGI,1,OTC
CIHKY,1,OTC
ACGBY,1,OTC
PVH,1,NYSE
ARBK,1,NASDAQ
AVACF,1,OTC
VBNK,1,NASDAQ
ZTO,1,NASDAQ
PDCO,1,NASDAQ
GOTU,1,NASDAQ
PUK,1,NYSE
AGESF,1,OTC
MCFT,1,NASDAQ
AMWD,1,NASDAQ
LIZI,1,NASDAQ
TEDU,1,NASDAQ
BMBLF,1,OTC
YY,1,NASDAQ
LX,1,NASDAQ
NCNO,1,NASDAQ
SBSW,1,NASDAQ
DCI,1,NYSE
HPQ,1,NYSE
BOX,1,NASDAQ
HPE,1,NASDAQ
AMBA,1,NASDAQ
PYNKF,1,OTC
HUT,1,NASDAQ
PDSB,1,NASDAQ
ONCY,1,NASDAQ
PLBY,1,NASDAQ
CNNE,1,NASDAQ
CYRX,1,NASDAQ
PLUG,1,NASDAQ
BOXL,1,NASDAQ
OSPN,1,NASDAQ
HROW,1,NASDAQ
QNST,1,NASDAQ
BTTX,1,NASDAQ
LFMD,1,NASDAQ
LUMO,1,NASDAQ
CUE,1,NASDAQ
TASK,1,NASDAQ
HLTH,1,NASDAQ
ECOR,1,NASDAQ
MXCT,1,NASDAQ
SSSS,1,NASDAQ
PAR,1,NYSE
CENX,1,NASDAQ
RPAY,1,NASDAQ
UWMC,1,NASDAQ
ARAY,1,NASDAQ
NATR,1,NASDAQ
APP,1,NYSE
VRRM,1,NASDAQ
JAZZ,1,NASDAQ
PLNH,1,
CERT,1,NASDAQ
LIMAF,1,OTC
ARHS,1,NASDAQ
MNDJF,1,OTC
CYD,1,NYSE
BRDS,1,NASDAQ
GOCO,1,NASDAQ
GGR,1,NASDAQ
EMAN,1,NYSE
SIEGY,1,OTC
TTD,1,NASDAQ
OB,1,NYSE
ALTG,1,NASDAQ
INGXF,1,OTC
DNA,1,NASDAQ
POWW,1,NASDAQ
SPIR,1,NASDAQ
HMC,1,NYSE
BRLT,1,NASDAQ
DYAI,1,NASDAQ
XENE,1,NASDAQ
DPRO,1,NASDAQ
AQMS,1,NASDAQ
STKL,1,NASDAQ
LSF,1,NASDAQ
PROF,1,NASDAQ
SOND,1,NASDAQ
LGF.A,1,
CYCC,1,NASDAQ
OPFI,1,NASDAQ
DIS,1,NYSE
WRAP,1,NASDAQ
MRETF,1,OTC
LTRN,1,NASDAQ
TACT,1,NASDAQ
DRRX,1,NASDAQ
KRMD,1,NASDAQ
NLS,1,NYSE
ORGN,1,NASDAQ
GOVX,1,NASDAQ
SST,1,NYSE
G,1,NYSE
NEPH,1,NASDAQ
CGC,1,NASDAQ
AVPT,1,NASDAQ
ALRM,1,NASDAQ
RILY,1,NASDAQ
BLBD,1,NASDAQ
VSAT,1,NASDAQ
SHWZ,1,OTC
NRUC,1,NASDAQ
JSDA,1,OTC
CLSK,1,NASDAQ
WYNN,1,NASDAQ
VWDRY,1,OTC
MGNI,1,NASDAQ
SONO,1,NASDAQ
RAMP,1,NASDAQ
OMIC,1,NASDAQ
CPSI,1,NASDAQ
CYN,1,NYSE
BRP,1,NYSE
FOSL,1,NASDAQ
FINGF,1,OTC
PALT,1,NASDAQ
SMR,1,NASDAQ
SSKN,1,NASDAQ
CLNE,1,NASDAQ
CSPI,1,NASDAQ
MGNX,1,NASDAQ
BLND,1,NASDAQ
HYFM,1,NASDAQ
PRPL,1,NASDAQ
FTHM,1,NASDAQ
EBR,1,NYSE
DAVE,1,NASDAQ
LAW,1,NASDAQ
TELA,1,NASDAQ
INFN,1,NASDAQ
XPER,1,NASDAQ
ADMA,1,NASDAQ
NDLS,1,NASDAQ
MTNB,1,NASDAQ
ORGO,1,NASDAQ
STLJF,1,OTC
CDXC,1,NASDAQ
VIRI,1,NASDAQ
GGB,1,NYSE
ZURVY,1,OTC
AP,1,NYSE
PEYUF,1,OTC
MODG,1,NASDAQ
DNUT,1,NASDAQ
CDE,1,NYSE
MKTW,1,NASDAQ
NABL,1,NASDAQ
SLNG,1,NASDAQ
ALIM,1,NASDAQ
PYX,1,
JBI,1,NASDAQ
PFIE,1,NASDAQ
BGSF,1,NYSE
NEON,1,NASDAQ
URGN,1,NASDAQ
AE,1,NYSE
PFIN,1,NASDAQ
BKKT,1,NASDAQ
PAAS,1,NASDAQ
GPRK,1,NYSE
MFC,1,NYSE
KMMPF,1,OTC
WKME,1,NASDAQ
GMVHF,1,OTC
BRAG,1,NASDAQ
AIT,1,NYSE
GBTG,1,NASDAQ
BYDGF,1,OTC
PANL,1,NASDAQ
USFD,1,NASDAQ
KELYA,1,NASDAQ
LIQT,1,NYSE
CHUFF,1,
NLCP,1,OTC
HLFFF,1,OTC
GEAGF,1,OTC
CACI,1,NYSE
SYZLF,1,OTC
CWBHF,1,OTC
CPXGF,1,OTC
AMSC,1,NASDAQ
LUCRF,1,OTC
HSON,1,NASDAQ
RMR,1,NASDAQ
BREUF,1,OTC
RCMT,1,NASDAQ
IPWR,1,NASDAQ
ALYA,1,NASDAQ
ONEXF,1,OTC
BBDC,1,NASDAQ
SMLP,1,NYSE
SDIG,1,NASDAQ
LCSHF,1,OTC
VERU,1,NASDAQ
MEDXF,1,OTC
IMCR,1,NASDAQ
MFCSF,1,OTC
EYE,1,NASDAQ
UTZ,1,NASDAQ
LRFC,1,NASDAQ
AFMD,1,NASDAQ
ENS,1,NYSE
OEC,1,NYSE
ONL,1,NASDAQ
HENKY,1,OTC
HPGLY,1,OTC
EE,1,NYSE
NVO,1,NYSE
MOR,1,NASDAQ
CPRX,1,NASDAQ
SIX,1,NYSE
HBI,1,NYSE
TGEN,1,OTC
ALT,1,NASDAQ
AQN,1,NASDAQ
MATV,1,NASDAQ
HLNFF,1,OTC
ADES,1,NASDAQ
ICLTF,1,OTC
PFLT,1,NASDAQ
GLNG,1,NASDAQ
OXSQ,1,NASDAQ
LMB,1,NASDAQ
YETI,1,NASDAQ
CYBR,1,NASDAQ
ISSC,1,NASDAQ
OCX,1,NASDAQ
TAST,1,NASDAQ
STN,1,NYSE
WWW,1,NYSE
RL,1,NYSE
ISUN,1,NASDAQ
CNFR,1,NASDAQ
CNGO,1,
LOMA,1,NASDAQ
HIMX,1,NASDAQ
RWEOY,1,OTC
FREY,1,NASDAQ
LQDA,1,NASDAQ
FLNC,1,NASDAQ
MRNS,1,NASDAQ
ALIZF,1,OTC
XFOR,1,NASDAQ
EXAI,1,NASDAQ
KHTRF,1,OTC
BABA,1,NYSE
CXBMF,1,OTC
KXSCF,1,OTC
OR,1,NASDAQ
QBTS,1,NASDAQ
OPTN,1,NASDAQ
STZHF,1,OTC
EONGY,1,OTC
AOSL,1,NASDAQ
SILV,1,NASDAQ
LOCL,1,NASDAQ
LFST,1,NASDAQ
NOMD,1,NASDAQ
SND,1,NASDAQ
AVNS,1,NASDAQ
WEN,1,NASDAQ
TLS,1,NASDAQ
TCNNF,1,OTC
AADI,1,NASDAQ
VVV,1,NASDAQ
ANGI,1,NASDAQ
DHT,1,NYSE
FG,1,NASDAQ
HRNNF,1,OTC
LL,1,NYSE
STR,1,NYSE
KPLT,1,NASDAQ
RBLX,1,NASDAQ
SHCR,1,NASDAQ
SRAD,1,NASDAQ
GOOD,1,NASDAQ
BCO,1,NYSE
VRM,1,NASDAQ
CSTE,1,NASDAQ
DAVA,1,NASDAQ
BHF,1,NASDAQ
RMBL,1,NASDAQ
ACCO,1,NYSE
BHG,1,NASDAQ
VFF,1,NASDAQ
PYPD,1,NASDAQ
PSTL,1,NASDAQ
KVHI,1,NASDAQ
FREE,1,NASDAQ
GNW,1,NYSE
FTCI,1,NASDAQ
VSH,1,NYSE
PENN,1,NASDAQ
LFT,1,NASDAQ
AGO,1,NYSE
IIIV,1,NASDAQ
LNDNF,1,OTC
PCT,1,NASDAQ
TBLA,1,NASDAQ
BKSY,1,NASDAQ
AGRX,1,NASDAQ
GEO,1,NYSE
JXN,1,NASDAQ
DDD,1,NYSE
SMWB,1,NASDAQ
OGE,1,NYSE
KLIC,1,NASDAQ
BCSF,1,NASDAQ
OESX,1,NYSE
BLDE,1,NASDAQ
PHGE,1,NASDAQ
PFMT,1,NASDAQ
SMSI,1,NASDAQ
RXT,1,NASDAQ
PCTI,1,NASDAQ
SLDP,1,NASDAQ
SALM,1,NASDAQ
PODD,1,NASDAQ
DIOD,1,NASDAQ
AZEK,1,NASDAQ
RKLB,1,NASDAQ
RVMD,1,NASDAQ
VAPO,1,NASDAQ
PXLW,1,NASDAQ
OSCR,1,NASDAQ
NKTR,1,NASDAQ
GWH,1,NASDAQ
CTMX,1,NASDAQ
PAYS,1,NASDAQ
EDR,1,NYSE
DOCS,1,NASDAQ
LGND,1,NASDAQ
MASS,1,NASDAQ
SMCI,1,NASDAQ
RVNC,1,NASDAQ
EBS,1,NYSE
CDNA,1,NASDAQ
LPSN,1,NASDAQ
IOVA,1,NASDAQ
DNMR,1,NASDAQ
PSNL,1,NASDAQ
SONY,1,NASDAQ
ZIP,1,NASDAQ
LZ,1,NASDAQ
CBAUF,1,OTC
FOA,1,NASDAQ
SKM,1,NYSE
DOUG,1,NASDAQ
ESTA,1,NASDAQ
PRCH,1,NASDAQ
BMBL,1,NASDAQ
VZIO,1,NASDAQ
AEVA,1,NASDAQ
REAL,1,NASDAQ
ARRY,1,NASDAQ
FLYW,1,NASDAQ
FLL,1,NASDAQ
GENE,1,NASDAQ
HCAT,1,NASDAQ
LNW,1,NASDAQ
BL,1,NASDAQ
CUTR,1,NASDAQ
BIRD,1,NASDAQ
ONTF,1,NASDAQ
VTEX,1,NASDAQ
UTI,1,NYSE
FATE,1,NASDAQ
FLT,1,NYSE
SII,1,NASDAQ
DOOR,1,NYSE
WPRT,1,NASDAQ
ISPO,1,NASDAQ
ARBE,1,NASDAQ
GWLIF,1,OTC
VERX,1,NASDAQ
HLGN,1,NASDAQ
AHOTF,1,OTC
SLF,1,NYSE
INSW,1,NASDAQ
BLDP,1,NASDAQ
DAR,1,NYSE
ODP,1,NASDAQ
EVRI,1,NASDAQ
NHI,1,NYSE
PHX,1,NYSE
TTNDY,1,OTC
HBM,1,NYSE
SLVM,1,NASDAQ
MTRAF,1,OTC
JACK,1,NASDAQ
CEVA,1,NASDAQ
JRSH,1,NASDAQ
PDYPY,1,OTC
PGEN,1,NASDAQ
CMP,1,NYSE
LILA,1,NASDAQ
QGEN,1,NASDAQ
PRA,1,NYSE
DXPE,1,NASDAQ
CBAT,1,NASDAQ
WES,1,NYSE
CURLF,1,OTC
MPAA,1,NASDAQ
STRC,1,NASDAQ
CAE,1,NYSE
ASYS,1,NASDAQ
VATE,1,NASDAQ
NVEE,1,NASDAQ
GRPN,1,NASDAQ
OTRK,1,NASDAQ
MYO,1,NASDAQ
PNTG,1,NASDAQ
ESEA,1,NASDAQ
BCDA,1,NASDAQ
EML,1,NASDAQ
WSPOF,1,OTC
GPMT,1,NASDAQ
HRTG,1,NYSE
CTSDF,1,OTC
INSE,1,NASDAQ
AMPY,1,NASDAQ
SAXPF,1,OTC
IPAR,1,NASDAQ
VST,1,NASDAQ
CGBD,1,NASDAQ
IONS,1,NASDAQ
BERY,1,NYSE
TCN,1,NASDAQ
BXSL,1,NASDAQ
TUIFF,1,OTC
ANIP,1,NASDAQ
EMKR,1,NASDAQ
SMMT,1,NASDAQ
MEG,1,NYSE
FNV,1,NYSE
SWX,1,NYSE
NVEI,1,NASDAQ
BWAY,1,NASDAQ
OMER,1,NASDAQ
DCPH,1,NASDAQ
CMAX,1,NASDAQ
ADRNY,1,OTC
VLN,1,NASDAQ
SKIN,1,NASDAQ
SSYS,1,NASDAQ
METC,1,NASDAQ
REYN,1,NASDAQ
TH,1,NASDAQ
ALBKY,1,OTC
GDRX,1,NASDAQ
DIBS,1,NASDAQ
SLRC,1,NASDAQ
ICL,1,NYSE
VTNR,1,NASDAQ
BHIL,1,NASDAQ
XMTR,1,NASDAQ
FTEK,1,NASDAQ
ELEEF,1,OTC
CRL,1,NYSE
QTRHF,1,OTC
RYAM,1,NYSE
USPH,1,NYSE
BAM,1,NYSE
HHH,1,
XPEL,1,NASDAQ
WRBY,1,NASDAQ
TALO,1,NASDAQ
REFI,1,NASDAQ
IAC,1,NASDAQ
UMH,1,NYSE
KRNT,1,NASDAQ
FTK,1,NYSE
HYLN,1,NASDAQ
TSQ,1,NYSE
HL,1,NYSE
APRN,1,NASDAQ
GDIFF,1,OTC
ATUSF,1,OTC
NVZMF,1,OTC
FNF,1,NYSE
SDC,1,NASDAQ
AVDL,1,NASDAQ
IOSP,1,NASDAQ
HLLY,1,NASDAQ
ACFND,1,
ONDS,1,NASDAQ
WEST,1,NASDAQ
MECVF,1,OTC
BWMN,1,NASDAQ
BAP,1,NYSE
BRDCY,1,OTC
SMRT,1,NASDAQ
MNTK,1,NASDAQ
ARKO,1,NASDAQ
HGBL,1,NASDAQ
APDN,1,NASDAQ
AGAE,1,NASDAQ
RELI,1,NASDAQ
RNGR,1,NASDAQ
NN,1,NASDAQ
CPIX,1,NASDAQ
PX,1,NYSE
VCSA,1,NASDAQ
TEO,1,NYSE
ASTL,1,NASDAQ
DOMA,1,NASDAQ
SEAT,1,NASDAQ
EHAB,1,NASDAQ
ADN,1,NASDAQ
CCHBF,1,OTC
GROY,1,NASDAQ
OBDC,1,NASDAQ
OLK,1,NASDAQ
HGTY,1,NASDAQ
RGF,1,NASDAQ
RWAY,1,NASDAQ
SOPH,1,NASDAQ
HNDNF,1,OTC
MESA,1,NASDAQ
STER,1,NASDAQ
VLD,1,NASDAQ
APYX,1,NASDAQ
GEODF,1,OTC
LVOX,1,NASDAQ
SNPO,1,NASDAQ
HRT,1,NYSE
LVLU,1,NASDAQ
DDI,1,NASDAQ
AIRI,1,NYSE
REAX,1,NASDAQ
WMC,1,NYSE
XELB,1,NASDAQ
ATS,1,NASDAQ
VTLE,1,NASDAQ
ECX,1,NASDAQ
KBCSF,1,OTC
PRPH,1,NASDAQ
HCXLF,1,
ENLT,1,NASDAQ
DERM,1,NASDAQ
TRUMF,1,OTC
LGVN,1,NASDAQ
SBIG,1,NASDAQ
AIMFF,1,OTC
ASUUY,1,OTC
CESDF,1,OTC
CECO,1,NASDAQ
OCPNF,1,OTC
TUSK,1,NASDAQ
ABSSF,1,OTC
KITT,1,NASDAQ
MPVDF,1,OTC
JETMF,1,OTC
SERA,1,NASDAQ
EIFZF,1,OTC
DIIBF,1,OTC
AGLNF,1,OTC
PRRWF,1,OTC
KRT,1,NASDAQ
TSAT,1,NASDAQ
NPIFF,1,OTC
EXETF,1,OTC
SAPIF,1,OTC
SMURF,1,OTC
ACDVF,1,OTC
SKYX,1,NASDAQ
GRNT,1,NASDAQ
HRUFF,1,OTC
IAG,1,NYSE
AGGZF,1,OTC
TBIO,1,NASDAQ
RICK,1,NASDAQ
NYC,1,NASDAQ
CBUS,1,NASDAQ
EPSN,1,NASDAQ
SCCAF,1,OTC
CWCO,1,NASDAQ
MTTWF,1,
ALPP,1,NASDAQ
SHCO,1,NASDAQ
CPL,1,NYSE
BLIN,1,NASDAQ
BOWFF,1,OTC
SBS,1,NYSE
FSTR,1,NASDAQ
LNSR,1,NASDAQ
GCMG,1,NASDAQ
TFPM,1,NASDAQ
GEOS,1,NASDAQ
BMNM,1,OTC
WJXFF,1,OTC
SPB,1,NYSE
ICCC,1,NASDAQ
AYASF,1,OTC
YMAB,1,NASDAQ
KINS,1,NASDAQ
STRR,1,NASDAQ
NOPMF,1,OTC
FRPH,1,NASDAQ
THRN,1,NASDAQ
TMCI,1,NASDAQ
LPTV,1,NASDAQ
BEAT,1,NASDAQ
VRME,1,NASDAQ
IDN,1,NYSE
EMBC,1,NASDAQ
NTTYY,1,OTC
VTYX,1,NASDAQ
BLTE,1,NASDAQ
SHLLF,1,OTC
AKLI,1,NASDAQ
EYEN,1,NASDAQ
AMPX,1,NASDAQ
TKNO,1,NASDAQ
AOMR,1,NASDAQ
ORAAF,1,OTC
BAER,1,NASDAQ
SDCH,1,OTC
SUMCF,1,OTC
BNTGF,1,OTC
KGAUF,1,OTC
FA,1,NASDAQ
EWCZ,1,NASDAQ
BRDG,1,NASDAQ
VPG,1,NYSE
NSYS,1,NASDAQ
VTGN,1,NASDAQ
GIFI,1,NASDAQ
MYTAY,1,OTC
EARN,1,NYSE
SPRU,1,NASDAQ
PTALF,1,OTC
JKS,1,NYSE
MGIC,1,NASDAQ
GRCL,1,NASDAQ
NIU,1,NASDAQ
LWAY,1,NASDAQ
SHPW,1,NASDAQ
BCLI,1,NASDAQ
TSVT,1,NASDAQ
WULF,1,NASDAQ
BTAI,1,NASDAQ
TOELF,1,OTC
JAGX,1,NASDAQ
UXIN,1,NASDAQ
XXII,1,NYSE
RMTI,1,NASDAQ
SGBX,1,NASDAQ
PDFS,1,NASDAQ
AAALF,1,OTC
EXFY,1,NASDAQ
WFCF,1,NASDAQ
IVFH,1,OTC
TMICF,1,OTC
FRGE,1,NASDAQ
SUMXF,1,OTC
ESE,1,NYSE
CTXXF,1,OTC
IMNN,1,NASDAQ
FECCF,1,OTC
EDBL,1,NASDAQ
CTV,1,NYSE
SNCE,1,NASDAQ
BVS,1,NASDAQ
ZVIA,1,NASDAQ
TOVX,1,NASDAQ
ACDC,1,NASDAQ
SDOT,1,
OPRT,1,NASDAQ
RBT,1,NASDAQ
ABEO,1,NASDAQ
CXT,1,NASDAQ
SLFPF,1,OTC
NRDY,1,NASDAQ
SSDOY,1,OTC
CHT,1,NYSE
NINOY,1,OTC
MLYS,1,NASDAQ
AKU,1,NASDAQ
ACNT,1,NASDAQ
APEI,1,NASDAQ
AVTA,1,NASDAQ
EFXT,1,NASDAQ
SWKH,1,NASDAQ
EC,1,NYSE
PFSW,1,NASDAQ
HLMN,1,NASDAQ
ENFN,1,NASDAQ
SWIM,1,NASDAQ
KORE,1,NASDAQ
SURG,1,NASDAQ
CGTX,1,NASDAQ
TWKS,1,NASDAQ
IVVD,1,NASDAQ
KPTSF,1,OTC
CTKB,1,NASDAQ
PET,1,NASDAQ
WGS,1,NASDAQ
MBC,1,NASDAQ
GBLI,1,NASDAQ
AVD,1,NYSE
SGA,1,NYSE
GENTF,1,OTC
REPX,1,NASDAQ
AGTI,1,NASDAQ
WE,1,NASDAQ
SOUN,1,NASDAQ
BTBIF,1,OTC
KFS,1,NYSE
CTOS,1,NASDAQ
BZFD,1,NASDAQ
NBY,1,NYSE
OABI,1,NASDAQ
VSTA,1,NASDAQ
CLNFF,1,OTC
WPM,1,NASDAQ
GWRS,1,NASDAQ
DRCT,1,NASDAQ
DARE,1,NASDAQ
VMD,1,NASDAQ
INUV,1,NYSE
GRP.UN,1,
AEYE,1,NASDAQ
GNSS,1,NASDAQ
LFLY,1,NASDAQ
EVLV,1,NASDAQ
ZOM,1,NASDAQ
LCTX,1,NASDAQ
VIEW,1,NASDAQ
OPGN,1,NASDAQ
FRRPF,1,OTC
SFT,1,NASDAQ
SNES,1,NASDAQ
IONQ,1,NASDAQ
PHUN,1,NASDAQ
AIRG,1,NASDAQ
LGMK,1,NASDAQ
BIOL,1,NASDAQ
ASXC,1,NASDAQ
AMLX,1,NASDAQ
SIEN,1,NASDAQ
RAIN,1,NASDAQ
WATT,1,NASDAQ
AZUL,1,NASDAQ
MURGY,1,OTC
POFCF,1,OTC
FORA,1,NASDAQ
CWYUF,1,OTC
MAXN,1,NASDAQ
ACB,1,NASDAQ
MCARY,1,OTC
LUNA,1,NASDAQ
KOPN,1,NASDAQ
VIAV,1,NASDAQ
HSDT,1,NASDAQ
IFS,1,NASDAQ
ONCT,1,NASDAQ
VTRU,1,NASDAQ
UHAL,1,NASDAQ
IRIX,1,NASDAQ
HQI,1,NASDAQ
ISDR,1,NYSE
ETON,1,NASDAQ
NWSA,1,NASDAQ
DNNGY,1,OTC
XAIR,1,NASDAQ
ACRX,1,NASDAQ
CELC,1,NASDAQ
ACIC,1,
AXDX,1,NASDAQ
MKFG,1,NASDAQ
XOS,1,NASDAQ
SENS,1,NASDAQ
CCU,1,NYSE
CWSRF,1,OTC
TTEK,1,NASDAQ
PAM,1,NYSE
ORZCF,1,OTC
EGY,1,NYSE
CPA,1,NYSE
CIB,1,NYSE
LEGH,1,NASDAQ
AVAH,1,NASDAQ
DRIO,1,NASDAQ
CDNTF,1,OTC
CCAP,1,NASDAQ
CCOI,1,NASDAQ
UGP,1,NYSE
NXE,1,NASDAQ
KNTNF,1,OTC
DTEGY,1,OTC
LUGDF,1,OTC
PTMN,1,NASDAQ
AOCIF,1,OTC
PRMW,1,NASDAQ
SOHO,1,NASDAQ
BKTI,1,NASDAQ
OPAL,1,NASDAQ
ADCOF,1,OTC
ALVOF,1,OTC
MLR,1,NYSE
SCM,1,NYSE
TWMIF,1,OTC
CETX,1,NASDAQ
KLXE,1,NASDAQ
TLIS,1,NASDAQ
RKDA,1,NASDAQ
FSM,1,NYSE
DCBO,1,NASDAQ
TYEKF,1,OTC
CODX,1,NASDAQ
ANFGF,1,OTC
PNNT,1,NASDAQ
LSDAF,1,OTC
QBCRF,1,OTC
CFWFF,1,OTC
PRTH,1,NASDAQ
MOGO,1,NASDAQ
MRCC,1,NASDAQ
MUX,1,NYSE
CMCT,1,NASDAQ
EHMEF,1,OTC
BSRTF,1,OTC
ASM,1,NYSE
ERF,1,NYSE
LGO,1,NASDAQ
SISXF,1,OTC
STXS,1,NASDAQ
CCDBF,1,OTC
CRGY,1,NASDAQ
LOWLD,1,
INDI,1,NASDAQ
PLSE,1,NASDAQ
PETV,1,NASDAQ
CFXTF,1,OTC
PEGY,1,NASDAQ
SONX,1,NASDAQ
JRVR,1,NASDAQ
CAAS,1,NASDAQ
AKA,1,NASDAQ
LARK,1,NASDAQ
ARZGF,1,OTC
CION,1,NASDAQ
VISL,1,NASDAQ
FGH,1,NASDAQ
NEXOF,1,OTC
RWLK,1,NASDAQ
YLWDF,1,OTC
CDRE,1,NASDAQ
BBAI,1,NASDAQ
TOI,1,NASDAQ
NPCE,1,NASDAQ
FLO,1,NYSE
BFRI,1,NASDAQ
NYXH,1,NASDAQ
MBRX,1,NASDAQ
HERXF,1,OTC
CROMF,1,OTC
ABOS,1,NASDAQ
CMT,1,NYSE
THMO,1,NASDAQ
ONTX,1,NASDAQ
HZNOF,1,OTC
NOTE,1,NASDAQ
WDOFF,1,OTC
OIBZQ,1,
LWSCF,1,OTC
SAWLF,1,OTC
IDGBF,1,OTC
TRRSF,1,OTC
CNNEF,1,OTC
AIRS,1,NASDAQ
JUSHF,1,OTC
ARNGF,1,OTC
PYR,1,NASDAQ
HDIUF,1,OTC
RKUNY,1,OTC
FGI,1,NASDAQ
PSYTF,1,OTC
TOTZF,1,OTC
CPHRF,1,OTC
EMRAF,1,OTC
AAWH,1,OTC
HOFV,1,NASDAQ
RUSMF,1,OTC
ADWPF,1,OTC
IMPP,1,NASDAQ
PWCDF,1,OTC
ITRM,1,NASDAQ
SRT,1,NYSE
UFCS,1,NASDAQ
ASGTF,1,OTC
REED,1,NYSE
NOTV,1,NASDAQ
LIVE,1,NASDAQ
BSQR,1,NASDAQ
ATGE,1,NASDAQ
ZYME,1,NASDAQ
HHS,1,NYSE
YAMHF,1,OTC
CANO,1,NASDAQ
CXDO,1,NASDAQ
SPRO,1,NASDAQ
CBAY,1,NASDAQ
BRCC,1,NASDAQ
ADXN,1,NASDAQ
UPH,1,NASDAQ
GEVO,1,NASDAQ
KEYUF,1,OTC
ARLO,1,NASDAQ
DROOF,1,OTC
OSS,1,NASDAQ
PGY,1,NASDAQ
AEMD,1,NASDAQ
INOD,1,NASDAQ
PZRIF,1,OTC
LVO,1,NASDAQ
SCPH,1,NASDAQ
LODE,1,NYSE
NVVE,1,NASDAQ
ACHR,1,NASDAQ
BIRDF,1,OTC
RCRRF,1,OTC
TRYIY,1,OTC
EVKIF,1,OTC
KPLUY,1,OTC
SMTGF,1,OTC
SPXSF,1,OTC
POAI,1,NASDAQ
CEZYY,1,OTC
ONTO,1,NASDAQ
SMLR,1,NASDAQ
NCMGF,1,OTC
PBLA,1,NASDAQ
SWRAY,1,OTC
RGTI,1,NASDAQ
VINP,1,NASDAQ
APTO,1,NASDAQ
AACG,1,NASDAQ
CARG,1,NASDAQ
SFE,1,NYSE
TRVI,1,NASDAQ
OUST,1,NASDAQ
RCEL,1,NASDAQ
AUID,1,NASDAQ
VLOUF,1,OTC
